ID_PESQUISA;DATA_PESQUISA;MUNICÍPIO;ESTADO;INTENÇÃO DE VOTO
P2;11/09/2022;Macapá;AP;B
P2;11/09/2022;Brasília;DF;B
P2;11/09/2022;Mucajaí;RR;B
P2;11/09/2022;Aurora do Pará;PA;A
P2;11/09/2022;Alto Alegre;RR;B
P2;11/09/2022;Forquilha;CE;A
P2;11/09/2022;Parnarama;MA;A
P2;11/09/2022;Limoeiro de Anadia;AL;A
P2;11/09/2022;Videira;SC;B
P2;11/09/2022;São Vicente Férrer;PE;B
P2;11/09/2022;Porto da Folha;SE;A
P2;11/09/2022;Quebrangulo;AL;A
P2;11/09/2022;Laranjal do Jari;AP;A
P2;11/09/2022;Piancó;PB;A
P2;11/09/2022;Humaitá;AM;A
P2;11/09/2022;Limoeiro de Anadia;AL;B
P2;11/09/2022;Candeias;BA;A
P2;11/09/2022;Almeirim;PA;B
P2;11/09/2022;Rorainópolis;RR;B
P2;11/09/2022;Maceió;AL;A
P2;11/09/2022;Itajaí;SC;B
P2;11/09/2022;Braço do Trombudo;SC;B
P2;11/09/2022;Mossoró;RN;A
P2;11/09/2022;São Paulo;SP;A
P2;11/09/2022;Brasília;DF;A
P2;11/09/2022;Jaraguari;MS;B
P2;11/09/2022;Vilhena;RO;B
P2;11/09/2022;Machadinho D'Oeste;RO;B
P2;11/09/2022;Bela Vista;MS;B
P2;11/09/2022;Ilha de Itamaracá;PE;B
P2;11/09/2022;Macapá;AP;A
P2;11/09/2022;Alto Alegre;RR;A
P2;11/09/2022;Piraquê;TO;A
P2;11/09/2022;Mossoró;RN;B
P2;11/09/2022;#N/D;#N/D;#N/D
P2;11/09/2022;Rio das Ostras;RJ;B
P2;11/09/2022;Talismã;TO;B
P2;11/09/2022;Ecoporanga;ES;B
P2;11/09/2022;Itarana;ES;A
P2;11/09/2022;Caracaraí;RR;B
P2;11/09/2022;São Paulo;SP;B
P2;11/09/2022;Senador Guiomard;AC;A
P2;11/09/2022;Goiânia;GO;B
P2;11/09/2022;Timon;MA;A
P2;11/09/2022;Ananás;TO;A
P2;11/09/2022;Carolina;MA;A
P2;11/09/2022;Itaboraí;RJ;B
P2;11/09/2022;Biguaçu;SC;B
P2;11/09/2022;Guarapari;ES;A
P2;11/09/2022;Salvador;BA;A
P2;11/09/2022;Marapanim;PA;B
P2;11/09/2022;Porto Walter;AC;B
P2;11/09/2022;Vila Valério;ES;A
P2;11/09/2022;Tobias Barreto;SE;B
P2;11/09/2022;Lagoa do Mato;MA;B
P2;11/09/2022;Buíque;PE;A
P2;11/09/2022;Macaíba;RN;B
P2;11/09/2022;Itaipava do Grajaú;MA;B
P2;11/09/2022;Brasília;DF;B
P2;11/09/2022;Talismã;TO;A
P2;11/09/2022;Japaratuba;SE;B
P2;11/09/2022;Condado;PB;A
P2;11/09/2022;Barra de São Miguel;AL;A
P2;11/09/2022;Miraíma;CE;A
P2;11/09/2022;Várzea Grande;MT;A
P2;11/09/2022;Ingazeira;PE;A
P2;11/09/2022;Cunhataí;SC;A
P2;11/09/2022;Salvador;BA;A
P2;11/09/2022;Forquilha;CE;B
P2;11/09/2022;Óleo;SP;B
P2;11/09/2022;Cachoeiro de Itapemirim;ES;B
P2;11/09/2022;Jutaí;AM;A
P2;11/09/2022;Maravilha;AL;B
P2;11/09/2022;Dueré;TO;A
P2;11/09/2022;Baldim;MG;A
P2;11/09/2022;Quixaba;PE;A
P2;11/09/2022;Duas Barras;RJ;A
P2;11/09/2022;Rondonópolis;MT;B
P2;11/09/2022;Floriano;PI;A
P2;11/09/2022;Tartarugalzinho;AP;A
P2;11/09/2022;Ipaumirim;CE;A
P2;11/09/2022;Montes Claros;MG;B
P2;11/09/2022;Sete Quedas;MS;B
P2;11/09/2022;Sapé;PB;A
P2;11/09/2022;Nova Bandeirantes;MT;A
P2;11/09/2022;Parnarama;MA;B
P2;11/09/2022;Porto Walter;AC;B
P2;11/09/2022;Elesbão Veloso;PI;A
P2;11/09/2022;Barreiras do Piauí;PI;B
P2;11/09/2022;Parobé;RS;B
P2;11/09/2022;Anicuns;GO;B
P2;11/09/2022;Sooretama;ES;B
P2;11/09/2022;Manaquiri;AM;A
P2;11/09/2022;Barra dos Coqueiros;SE;B
P2;11/09/2022;Deodápolis;MS;A
P2;11/09/2022;Barra Bonita;SC;A
P2;11/09/2022;Belém;PA;B
P2;11/09/2022;São Cristóvão;SE;B
P2;11/09/2022;São Luís;MA;A
P2;11/09/2022;Macapá;AP;A
P2;11/09/2022;Maracaju;MS;B
P2;11/09/2022;Caroebe;RR;B
P2;11/09/2022;Pimenta Bueno;RO;A
P2;11/09/2022;Palhoça;SC;A
P2;11/09/2022;Boa Vista;RR;B
P2;11/09/2022;Porto Velho;RO;B
P2;11/09/2022;Martinópolis;SP;B
P2;11/09/2022;Ramilândia;PR;A
P2;11/09/2022;Natal;RN;A
P2;11/09/2022;Aquidabã;SE;B
P2;11/09/2022;Porto Velho;RO;A
P2;11/09/2022;Pirapemas;MA;A
P2;11/09/2022;Guaçuí;ES;A
P2;11/09/2022;Biguaçu;SC;B
P2;11/09/2022;Jequié;BA;A
P2;11/09/2022;Passo Fundo;RS;B
P2;11/09/2022;Maracanaú;CE;A
P2;11/09/2022;Campo Alegre;AL;A
P2;11/09/2022;Santarém;PA;A
P2;11/09/2022;Areia Branca;SE;A
P2;11/09/2022;Beneditinos;PI;A
P2;11/09/2022;Maragogi;AL;B
P2;11/09/2022;São Benedito do Sul;PE;B
P2;11/09/2022;Balneário Barra do Sul;SC;B
P2;11/09/2022;Arame;MA;B
P2;11/09/2022;Nossa Senhora do Socorro;SE;B
P2;11/09/2022;Laranjal do Jari;AP;B
P2;11/09/2022;Rio de Janeiro;RJ;A
P2;11/09/2022;Belém;PA;A
P2;11/09/2022;Alto Alegre;RR;B
P2;11/09/2022;Umuarama;PR;A
P2;11/09/2022;Jiquiriçá;BA;A
P2;11/09/2022;Nilo Peçanha;BA;B
P2;11/09/2022;São Lourenço da Mata;PE;A
P2;11/09/2022;Atílio Vivácqua;ES;A
P2;11/09/2022;Macapá;AP;A
P2;11/09/2022;Santa Fé de Goiás;GO;A
P2;11/09/2022;Alto Alegre;RR;A
P2;11/09/2022;Laranjal do Jari;AP;A
P2;11/09/2022;Rio Branco;AC;A
P2;11/09/2022;Ivolândia;GO;B
P2;11/09/2022;Ipiranga do Norte;MT;B
P2;11/09/2022;Moreira Sales;PR;B
P2;11/09/2022;Água Azul do Norte;PA;B
P2;11/09/2022;São Paulo;SP;A
P2;11/09/2022;São Gabriel do Oeste;MS;A
P2;11/09/2022;Barcarena;PA;B
P2;11/09/2022;Joinville;SC;B
P2;11/09/2022;Coari;AM;B
P2;11/09/2022;Lagoa da Confusão;TO;A
P2;11/09/2022;Natal;RN;B
P2;11/09/2022;Goiânia;GO;B
P2;11/09/2022;Santa Rosa do Purus;AC;B
P2;11/09/2022;Nazaré do Piauí;PI;B
P2;11/09/2022;Anicuns;GO;B
P2;11/09/2022;São José dos Basílios;MA;A
P2;11/09/2022;Boa Vista;RR;B
P2;11/09/2022;João Pessoa;PB;A
P2;11/09/2022;Brasília;DF;B
P2;11/09/2022;Orizânia;MG;A
P2;11/09/2022;Tangará da Serra;MT;B
P2;11/09/2022;Alto Alegre;RR;B
P2;11/09/2022;Gado Bravo;PB;B
P2;11/09/2022;Joinville;SC;B
P2;11/09/2022;Barcarena;PA;B
P2;11/09/2022;Mossoró;RN;B
P2;11/09/2022;Juiz de Fora;MG;A
P2;11/09/2022;Igarapé-Miri;PA;A
P2;11/09/2022;Manaquiri;AM;A
P2;11/09/2022;Bonfim;RR;B
P2;11/09/2022;Niquelândia;GO;A
P2;11/09/2022;Limoeiro de Anadia;AL;A
P2;11/09/2022;Porto Velho;RO;B
P2;11/09/2022;Porto Walter;AC;B
P2;11/09/2022;Brejetuba;ES;B
P2;11/09/2022;Porto;PI;A
P2;11/09/2022;Cariacica;ES;A
P2;11/09/2022;Tomé-Açu;PA;A
P2;11/09/2022;Lençóis Paulista;SP;A
P2;11/09/2022;Boa Vista;RR;B
P2;11/09/2022;Apodi;RN;A
P2;11/09/2022;Ipojuca;PE;B
P2;11/09/2022;Laguna;SC;B
P2;11/09/2022;Laranjal do Jari;AP;B
P2;11/09/2022;Guabiruba;SC;A
P2;11/09/2022;Quixaba;PE;A
P2;11/09/2022;Flor do Sertão;SC;B
P2;11/09/2022;Serra;ES;A
P2;11/09/2022;Maria Helena;PR;B
P2;11/09/2022;Anajás;PA;A
P2;11/09/2022;Laranjal do Jari;AP;B
P2;11/09/2022;Laranjal do Jari;AP;B
P2;11/09/2022;Aracaju;SE;A
P2;11/09/2022;Macapá;AP;A
P2;11/09/2022;Brasilândia;MS;B
P2;11/09/2022;Tangará da Serra;MT;B
P2;11/09/2022;Porto Velho;RO;A
P2;11/09/2022;Porto Velho;RO;B
P2;11/09/2022;Belo Horizonte;MG;A
P2;11/09/2022;Pedro Avelino;RN;A
P2;11/09/2022;São Domingos do Norte;ES;A
P2;11/09/2022;Belmiro Braga;MG;A
P2;11/09/2022;Castelo;ES;B
P2;11/09/2022;Areia de Baraúnas;PB;B
P2;11/09/2022;Ribeirão Pires;SP;A
P2;11/09/2022;Cotia;SP;B
P2;11/09/2022;Boa Vista;RR;B
P2;11/09/2022;Brasília;DF;B
P2;11/09/2022;Presidente Dutra;MA;B
P2;11/09/2022;Igarassu;PE;A
P2;11/09/2022;Porto Walter;AC;B
P2;11/09/2022;Ingazeira;PE;A
P2;11/09/2022;Cambuí;MG;A
P2;11/09/2022;Itaituba;PA;A
P2;11/09/2022;São Miguel Arcanjo;SP;B
P2;11/09/2022;Senador Guiomard;AC;B
P2;11/09/2022;Camboriú;SC;A
P2;11/09/2022;Irauçuba;CE;A
P2;11/09/2022;São Gabriel;BA;A
P2;11/09/2022;Biguaçu;SC;B
P2;11/09/2022;Lobato;PR;B
P2;11/09/2022;Humaitá;AM;A
P2;11/09/2022;Palmeira do Piauí;PI;B
P2;11/09/2022;Rochedo de Minas;MG;A
P2;11/09/2022;Rio do Sul;SC;B
P2;11/09/2022;Belém;AL;A
P2;11/09/2022;Sento Sé;BA;A
P2;11/09/2022;Palmas;TO;B
P2;11/09/2022;Santa Fé;PR;B
P2;11/09/2022;Brasília;DF;A
P2;11/09/2022;Goiatins;TO;B
P2;11/09/2022;Marizópolis;PB;B
P2;11/09/2022;Humberto de Campos;MA;A
P2;11/09/2022;Viçosa do Ceará;CE;A
P2;11/09/2022;Rio Verde;GO;B
P2;11/09/2022;Brasília;DF;A
P2;11/09/2022;Trindade;GO;B
P2;11/09/2022;Juquiá;SP;A
P2;11/09/2022;Brasília;DF;B
P2;11/09/2022;Rio Branco;AC;B
P2;11/09/2022;Boa Vista;RR;A
P2;11/09/2022;Campo Grande;MS;B
P2;11/09/2022;São José dos Basílios;MA;A
P2;11/09/2022;Coração de Maria;BA;A
P2;11/09/2022;Neópolis;SE;B
P2;11/09/2022;Capinzal do Norte;MA;A
P2;11/09/2022;Cachoeiro de Itapemirim;ES;B
P2;11/09/2022;Macapá;AP;B
P2;11/09/2022;Campo Limpo Paulista;SP;B
P2;11/09/2022;Jaru;RO;B
P2;11/09/2022;Maraã;AM;B
P2;11/09/2022;Belo Horizonte;MG;A
P2;11/09/2022;Talismã;TO;B
P2;11/09/2022;Doutor Severiano;RN;A
P2;11/09/2022;Ariquemes;RO;A
P2;11/09/2022;Minador do Negrão;AL;B
P2;11/09/2022;Patis;MG;B
P2;11/09/2022;São José dos Basílios;MA;A
P2;11/09/2022;Amambai;MS;B
P2;11/09/2022;Alto Alegre;RR;B
P2;11/09/2022;Canto do Buriti;PI;A
P2;11/09/2022;Igarapé Grande;MA;B
P2;11/09/2022;Palmas;TO;B
P2;11/09/2022;Araputanga;MT;B
P2;11/09/2022;Nova Mamoré;RO;A
P2;11/09/2022;Batatais;SP;A
P2;11/09/2022;Talismã;TO;A
P2;11/09/2022;Itaguaru;GO;A
P2;11/09/2022;Rio das Ostras;RJ;B
P2;11/09/2022;São Mateus do Maranhão;MA;A
P2;11/09/2022;Capanema;PA;A
P2;11/09/2022;Rio de Janeiro;RJ;A
P2;11/09/2022;Barra do Garças;MT;B
P2;11/09/2022;Camapuã;MS;B
P2;11/09/2022;Nossa Senhora do Socorro;SE;B
P2;11/09/2022;São José da Vitória;BA;A
P2;11/09/2022;Guabiju;RS;B
P2;11/09/2022;Cachoeiro de Itapemirim;ES;B
P2;11/09/2022;Maracanaú;CE;A
P2;11/09/2022;Wall Ferraz;PI;A
P2;11/09/2022;Mossoró;RN;A
P2;11/09/2022;Mâncio Lima;AC;B
P2;11/09/2022;Itapipoca;CE;A
P2;11/09/2022;Vereda;BA;A
P2;11/09/2022;Boquim;SE;B
P2;11/09/2022;Denise;MT;A
P2;11/09/2022;Limoeiro do Norte;CE;A
P2;11/09/2022;Brejo Alegre;SP;B
P2;11/09/2022;Luís Correia;PI;A
P2;11/09/2022;São Caetano do Sul;SP;B
P2;11/09/2022;Itaporã;MS;B
P2;11/09/2022;Catu;BA;A
P2;11/09/2022;Picos;PI;A
P2;11/09/2022;Manaus;AM;B
P2;11/09/2022;Guarapari;ES;B
P2;11/09/2022;Senador José Porfírio;PA;A
P2;11/09/2022;José de Freitas;PI;A
P2;11/09/2022;Assis Brasil;AC;B
P2;11/09/2022;Guajará;AM;A
P2;11/09/2022;Bom Jesus do Tocantins;PA;B
P2;11/09/2022;Sebastião Laranjeiras;BA;B
P2;11/09/2022;Painel;SC;B
P2;11/09/2022;Joselândia;MA;B
P2;11/09/2022;Camalaú;PB;A
P2;11/09/2022;Satuba;AL;B
P2;11/09/2022;Manaquiri;AM;A
P2;11/09/2022;Palmas;TO;B
P2;11/09/2022;Tapiramutá;BA;A
P2;11/09/2022;Manaus;AM;A
P2;11/09/2022;Laranjal do Jari;AP;A
P2;11/09/2022;Camapuã;MS;B
P2;11/09/2022;Governador Lindenberg;ES;A
P2;11/09/2022;Ivaiporã;PR;A
P2;11/09/2022;Santa Terezinha;BA;B
P2;11/09/2022;Presidente Médici;MA;A
P2;11/09/2022;Tomar do Geru;SE;A
P2;11/09/2022;Senador Pompeu;CE;A
P2;11/09/2022;Rondolândia;MT;B
P2;11/09/2022;Forquilha;CE;A
P2;11/09/2022;Macapá;AP;B
P2;11/09/2022;Itaoca;SP;B
P2;11/09/2022;Pouso Redondo;SC;B
P2;11/09/2022;Muqui;ES;A
P2;11/09/2022;Santana;AP;A
P2;11/09/2022;Apuiarés;CE;A
P2;11/09/2022;Palmas;TO;A
P2;11/09/2022;Jaguarão;RS;B
P2;11/09/2022;Independência;CE;A
P2;11/09/2022;Cruzeiro do Sul;AC;A
P2;11/09/2022;Conquista;MG;B
P2;11/09/2022;Maceió;AL;A
P2;11/09/2022;Cachoeiro de Itapemirim;ES;A
P2;11/09/2022;Brejinho de Nazaré;TO;A
P2;11/09/2022;Pilões;RN;A
P2;11/09/2022;Sonora;MS;B
P2;11/09/2022;Bananeiras;PB;A
P2;11/09/2022;Tanhaçu;BA;A
P2;11/09/2022;Crateús;CE;A
P2;11/09/2022;Camalaú;PB;B
P2;11/09/2022;Afogados da Ingazeira;PE;B
P2;11/09/2022;Salvador;BA;B
P2;11/09/2022;Passo do Sobrado;RS;A
P2;11/09/2022;Trajano de Moraes;RJ;B
P2;11/09/2022;Acauã;PI;A
P2;11/09/2022;Nova Friburgo;RJ;A
P2;11/09/2022;Tanque do Piauí;PI;A
P2;11/09/2022;Gouveia;MG;B
P2;11/09/2022;Iracema;RR;B
P2;11/09/2022;Forquilhinha;SC;B
P2;11/09/2022;Brasília;DF;B
P2;11/09/2022;Corrente;PI;A
P2;11/09/2022;Aquidabã;SE;B
P2;11/09/2022;Vila Valério;ES;A
P2;11/09/2022;Itapecuru Mirim;MA;B
P2;11/09/2022;São Benedito do Sul;PE;A
P2;11/09/2022;Campo Grande;MS;B
P2;11/09/2022;Batalha;AL;B
P2;11/09/2022;Vargem Alta;ES;A
P2;11/09/2022;Cametá;PA;B
P2;11/09/2022;Serra do Navio;AP;A
P2;11/09/2022;Planalto da Serra;MT;A
P2;11/09/2022;Joaçaba;SC;B
P2;11/09/2022;Aquidabã;SE;A
P2;11/09/2022;Aquidabã;SE;A
P2;11/09/2022;Araguaçu;TO;A
P2;11/09/2022;Maringá;PR;B
P2;11/09/2022;Maracaju;MS;A
P2;11/09/2022;Goiânia;GO;B
P2;11/09/2022;Joaquim Gomes;AL;A
P2;11/09/2022;Belém;PA;A
P2;11/09/2022;Araguaçu;TO;A
P2;11/09/2022;Barreiras do Piauí;PI;A
P2;11/09/2022;Comendador Levy Gasparian;RJ;A
P2;11/09/2022;Passagem;PB;A
P2;11/09/2022;Dois Irmãos;RS;B
P2;11/09/2022;Porto Murtinho;MS;B
P2;11/09/2022;Marabá;PA;A
P2;11/09/2022;Porto Velho;RO;B
P2;11/09/2022;Petrolândia;PE;A
P2;11/09/2022;José Bonifácio;SP;A
P2;11/09/2022;#N/D;#N/D;#N/D
P2;11/09/2022;Muquém do São Francisco;BA;A
P2;11/09/2022;Nova Mutum;MT;A
P2;11/09/2022;Tanque do Piauí;PI;A
P2;11/09/2022;Cruz do Espírito Santo;PB;A
P2;11/09/2022;Douradina;MS;B
P2;11/09/2022;Macapá;AP;B
P2;11/09/2022;Mandaguari;PR;B
P2;11/09/2022;Mirangaba;BA;B
P2;11/09/2022;Novo Progresso;PA;B
P2;11/09/2022;Indiaroba;SE;A
P2;11/09/2022;Pimenta Bueno;RO;A
P2;11/09/2022;Planalto;PR;B
P2;11/09/2022;Alta Floresta D'Oeste;RO;A
P2;11/09/2022;Juazeiro do Norte;CE;A
P2;11/09/2022;Figueirão;MS;B
P2;11/09/2022;Natal;RN;B
P2;11/09/2022;Igarassu;PE;A
P2;11/09/2022;Iranduba;AM;B
P2;11/09/2022;Manaus;AM;A
P2;11/09/2022;Limoeiro de Anadia;AL;A
P2;11/09/2022;Betim;MG;B
P2;11/09/2022;Brasília;DF;A
P2;11/09/2022;Itaberaba;BA;A
P2;11/09/2022;Jaraguá do Sul;SC;B
P2;11/09/2022;Aracaju;SE;B
P2;11/09/2022;Araguanã;MA;A
P2;11/09/2022;São José do Rio Preto;SP;B
P2;11/09/2022;Quebrangulo;AL;A
P2;11/09/2022;Brasília;DF;A
P2;11/09/2022;Rondonópolis;MT;B
P2;11/09/2022;Maceió;AL;B
P2;11/09/2022;Juatuba;MG;B
P2;11/09/2022;Laranjal do Jari;AP;B
P2;11/09/2022;Pracuúba;AP;A
P2;11/09/2022;São José dos Basílios;MA;A
P2;11/09/2022;Brasília;DF;B
P2;11/09/2022;Blumenau;SC;B
P2;11/09/2022;São Luís;MA;A
P2;11/09/2022;Novo Cabrais;RS;B
P2;11/09/2022;Vale de São Domingos;MT;A
P2;11/09/2022;Jericó;PB;A
P2;11/09/2022;Campo Verde;MT;A
P2;11/09/2022;Cantá;RR;B
P2;11/09/2022;Bataguassu;MS;B
P2;11/09/2022;Sarzedo;MG;A
P2;11/09/2022;Petrolina;PE;A
P2;11/09/2022;Taquaritinga do Norte;PE;B
P2;11/09/2022;Maranguape;CE;A
P2;11/09/2022;Vila Valério;ES;B
P2;11/09/2022;Campo Grande;MS;B
P2;11/09/2022;Livramento de Nossa Senhora;BA;B
P2;11/09/2022;Natal;RN;A
P2;11/09/2022;Luzilândia;PI;A
P2;11/09/2022;Imperatriz;MA;A
P2;11/09/2022;Boa Vista;RR;B
P2;11/09/2022;São João da Serra;PI;A
P2;11/09/2022;Guajará-Mirim;RO;A
P2;11/09/2022;Simões;PI;A
P2;11/09/2022;Ribeirópolis;SE;B
P2;11/09/2022;Juazeiro;BA;B
P2;11/09/2022;Arcoverde;PE;A
P2;11/09/2022;Talismã;TO;B
P2;11/09/2022;Barra do Rocha;BA;A
P2;11/09/2022;Santo Antônio de Jesus;BA;A
P2;11/09/2022;Aracati;CE;B
P2;11/09/2022;Rio Verde;GO;B
P2;11/09/2022;Trindade;GO;B
P2;11/09/2022;Santana;AP;B
P2;11/09/2022;Foz do Jordão;PR;B
P2;11/09/2022;Anadia;AL;A
P2;11/09/2022;Porto Velho;RO;B
P2;11/09/2022;Casa Nova;BA;A
P2;11/09/2022;Ji-Paraná;RO;B
P2;11/09/2022;Alvorada;RS;B
P2;11/09/2022;Nossa Senhora de Lourdes;SE;A
P2;11/09/2022;Porto Walter;AC;B
P2;11/09/2022;Londrina;PR;B
P2;11/09/2022;Cascavel;PR;B
P2;11/09/2022;Manaquiri;AM;B
P2;11/09/2022;Murici;AL;B
P2;11/09/2022;Boa Vista;RR;A
P2;11/09/2022;Consolação;MG;A
P2;11/09/2022;Buriti dos Lopes;PI;A
P2;11/09/2022;Fortaleza;CE;A
P2;11/09/2022;Mossoró;RN;B
P2;11/09/2022;Vera Cruz;SP;A
P2;11/09/2022;Paulo Jacinto;AL;B
P2;11/09/2022;Nova Russas;CE;A
P2;11/09/2022;Tenente Laurentino Cruz;RN;A
P2;11/09/2022;Rondolândia;MT;A
P2;11/09/2022;Amorinópolis;GO;B
P2;11/09/2022;Forquilha;CE;A
P2;11/09/2022;Campina Grande;PB;A
P2;11/09/2022;Monte Horebe;PB;B
P2;11/09/2022;Camapuã;MS;B
P2;11/09/2022;João Alfredo;PE;A
P2;11/09/2022;Castanheiras;RO;B
P2;11/09/2022;Boa Vista;RR;B
P2;11/09/2022;Conceição da Barra;ES;B
P2;11/09/2022;Guarujá;SP;B
P2;11/09/2022;Posse;GO;B
P2;11/09/2022;Capanema;PA;A
P2;11/09/2022;Anadia;AL;B
P2;11/09/2022;Araguatins;TO;A
P2;11/09/2022;Jacaraci;BA;A
P2;11/09/2022;Lucas do Rio Verde;MT;B
P2;11/09/2022;Jaboatão dos Guararapes;PE;A
P2;11/09/2022;Rio Verde;GO;A
P2;11/09/2022;Paiçandu;PR;A
P2;11/09/2022;Alto Alegre;RR;B
P2;11/09/2022;Dourados;MS;A
P2;11/09/2022;Canguçu;RS;A
P2;11/09/2022;Maceió;AL;A
P2;11/09/2022;Vila Velha;ES;B
P2;11/09/2022;Rio dos Índios;RS;A
P2;11/09/2022;São José dos Basílios;MA;B
P2;11/09/2022;Alto Longá;PI;A
P2;11/09/2022;Macapá;AP;A
P2;11/09/2022;Quebrangulo;AL;B
P2;11/09/2022;Guaporema;PR;B
P2;11/09/2022;Cumaru do Norte;PA;A
P2;11/09/2022;Ponta Porã;MS;A
P2;11/09/2022;Cruzeiro do Sul;AC;B
P2;11/09/2022;Monte Belo;MG;A
P2;11/09/2022;Aracruz;ES;B
P2;11/09/2022;Codó;MA;B
P2;11/09/2022;Conceição do Lago-Açu;MA;B
P2;11/09/2022;Alexandria;RN;B
P2;11/09/2022;Manoel Urbano;AC;B
P2;11/09/2022;Cantá;RR;B
P2;11/09/2022;Joinville;SC;B
P2;11/09/2022;Pimenta Bueno;RO;A
P2;11/09/2022;Guajará;AM;B
P2;11/09/2022;Rondon do Pará;PA;A
P2;11/09/2022;Joaçaba;SC;A
P2;11/09/2022;Itambacuri;MG;B
P2;11/09/2022;Planaltina;GO;B
P2;11/09/2022;Salvador;BA;A
P2;11/09/2022;Forquilha;CE;B
P2;11/09/2022;Messias Targino;RN;A
P2;11/09/2022;Guaíra;SP;B
P2;11/09/2022;Calumbi;PE;B
P2;11/09/2022;Banabuiú;CE;A
P2;11/09/2022;Heitoraí;GO;B
P2;11/09/2022;Maragogi;AL;A
P2;11/09/2022;Alagoinhas;BA;B
P2;11/09/2022;Palmas;TO;A
P2;11/09/2022;Santo Inácio do Piauí;PI;A
P2;11/09/2022;Goianésia;GO;B
P2;11/09/2022;Nilópolis;RJ;A
P2;11/09/2022;Lagarto;SE;A
P2;11/09/2022;Vitória do Mearim;MA;A
P2;11/09/2022;Várzea Grande;MT;A
P2;11/09/2022;Rio Branco;AC;A
P2;11/09/2022;Cascavel;PR;A
P2;11/09/2022;Rio de Janeiro;RJ;A
P2;11/09/2022;Aquidauana;MS;A
P2;11/09/2022;Ivorá;RS;A
P2;11/09/2022;Limoeiro de Anadia;AL;B
P2;11/09/2022;Barcarena;PA;A
P2;11/09/2022;Rondolândia;MT;A
P2;11/09/2022;Santo Antônio do Descoberto;GO;B
P2;11/09/2022;São Benedito;CE;B
P2;11/09/2022;Camapuã;MS;B
P2;11/09/2022;Itamarati de Minas;MG;B
P2;11/09/2022;Jaraguá;GO;A
P2;11/09/2022;Várzea Grande;MT;B
P2;11/09/2022;Florianópolis;SC;A
P2;11/09/2022;Aquidabã;SE;B
P2;11/09/2022;Rio das Ostras;RJ;A
P2;11/09/2022;Pimenta Bueno;RO;B
P2;11/09/2022;Mossoró;RN;A
P2;11/09/2022;Santa Luzia do Norte;AL;A
P2;11/09/2022;Porto Nacional;TO;B
P2;11/09/2022;Águia Branca;ES;B
P2;11/09/2022;Patos;PB;A
P2;11/09/2022;Laranjal do Jari;AP;A
P2;11/09/2022;Mazagão;AP;B
P2;11/09/2022;Colatina;ES;B
P2;11/09/2022;São Gonçalo;RJ;A
P2;11/09/2022;São Miguel Arcanjo;SP;A
P2;11/09/2022;Cabo de Santo Agostinho;PE;A
P2;11/09/2022;Fortaleza;CE;A
P2;11/09/2022;Cachoeiro de Itapemirim;ES;A
P2;11/09/2022;Campo Largo;PR;A
P2;11/09/2022;Irati;PR;B
P2;11/09/2022;Nova Iguaçu;RJ;A
P2;11/09/2022;Presidente Médici;RO;B
P2;11/09/2022;Boa Vista;RR;B
P2;11/09/2022;Mucurici;ES;A
P2;11/09/2022;Carangola;MG;B
P2;11/09/2022;Novo Aripuanã;AM;A
P2;11/09/2022;Flor do Sertão;SC;B
P2;11/09/2022;Camapuã;MS;B
P2;11/09/2022;Ipixuna;AM;A
P2;11/09/2022;Jumirim;SP;A
P2;11/09/2022;Catuípe;RS;B
P2;11/09/2022;Colombo;PR;B
P2;11/09/2022;Aquidabã;SE;A
P2;11/09/2022;Theobroma;RO;A
P2;11/09/2022;São José do Calçado;ES;A
P2;11/09/2022;Parauapebas;PA;A
P2;11/09/2022;Mogi das Cruzes;SP;B
P2;11/09/2022;Rio Branco;AC;A
P2;11/09/2022;Camapuã;MS;B
P2;11/09/2022;Castelo;ES;B
P2;11/09/2022;Laranjal do Jari;AP;A
P2;11/09/2022;Patos de Minas;MG;B
P2;11/09/2022;Nova Mutum;MT;B
P2;11/09/2022;Manaus;AM;A
P2;11/09/2022;Colombo;PR;B
P2;11/09/2022;Atalaia do Norte;AM;A
P2;11/09/2022;Brasília;DF;B
P2;11/09/2022;São João da Baliza;RR;B
P2;11/09/2022;Campestre do Maranhão;MA;A
P2;11/09/2022;Forquilhinha;SC;B
P2;11/09/2022;Corumbá;MS;B
P2;11/09/2022;Salvador;BA;A
P2;11/09/2022;Cabaceiras;PB;A
P2;11/09/2022;Amparo do São Francisco;SE;A
P2;11/09/2022;Jóia;RS;A
P2;11/09/2022;Colombo;PR;B
P2;11/09/2022;São Bento do Trairí;RN;B
P2;11/09/2022;Miguel Alves;PI;A
P2;11/09/2022;Lacerdópolis;SC;B
P2;11/09/2022;Brasília;DF;B
P2;11/09/2022;Alto Alegre;RR;B
P2;11/09/2022;Tangará da Serra;MT;B
P2;11/09/2022;Santo Augusto;RS;B
P2;11/09/2022;Monte do Carmo;TO;B
P2;11/09/2022;Manaus;AM;A
P2;11/09/2022;Goianésia;GO;A
P2;11/09/2022;Porto Walter;AC;B
P2;11/09/2022;Cotriguaçu;MT;B
P2;11/09/2022;Mossoró;RN;B
P2;11/09/2022;Salinas da Margarida;BA;A
P2;11/09/2022;Macapá;AP;A
P2;11/09/2022;Planaltina;GO;B
P2;11/09/2022;Nazaré da Mata;PE;A
P2;11/09/2022;Sales;SP;A
P2;11/09/2022;Natividade;RJ;B
P2;11/09/2022;Araruna;PB;A
P2;11/09/2022;Amapá do Maranhão;MA;B
P2;11/09/2022;Rio Branco;AC;B
P2;11/09/2022;Aliança do Tocantins;TO;A
P2;11/09/2022;Mossoró;RN;A
P2;11/09/2022;Itaboraí;RJ;B
P2;11/09/2022;Rondonópolis;MT;A
P2;11/09/2022;São José do Rio Preto;SP;A
P2;11/09/2022;Guaçuí;ES;A
P2;11/09/2022;Rorainópolis;RR;B
P2;11/09/2022;Rio Branco;AC;B
P2;11/09/2022;Natal;RN;A
P2;11/09/2022;Alto Alegre;RR;B
P2;11/09/2022;Brasília;DF;A
P2;11/09/2022;Ipiranga;PR;B
P2;11/09/2022;Manaus;AM;A
P2;11/09/2022;Lobato;PR;B
P2;11/09/2022;São Mateus;ES;A
P2;11/09/2022;Nova Lacerda;MT;A
P2;11/09/2022;Boa Esperança;ES;B
P2;11/09/2022;Camaragibe;PE;B
P2;11/09/2022;Pimenta Bueno;RO;B
P2;11/09/2022;Campo Grande;MS;B
P2;11/09/2022;Itaubal;AP;A
P2;11/09/2022;Getulina;SP;A
P2;11/09/2022;Israelândia;GO;A
P2;11/09/2022;Juiz de Fora;MG;A
P2;11/09/2022;Porto Walter;AC;B
P2;11/09/2022;Alto Alegre;RR;B
P2;11/09/2022;Porto Walter;AC;B
P2;11/09/2022;Rio Branco;AC;B
P2;11/09/2022;Sumé;PB;A
P2;11/09/2022;Corumbá;MS;B
P2;11/09/2022;São Bernardo do Campo;SP;A
P2;11/09/2022;Anicuns;GO;A
P2;11/09/2022;Cachoeira do Piriá;PA;B
P2;11/09/2022;Turilândia;MA;B
P2;11/09/2022;Curitiba;PR;A
P2;11/09/2022;Patos;PB;B
P2;11/09/2022;São Bento;MA;A
P2;11/09/2022;Breves;PA;A
P2;11/09/2022;Mossoró;RN;A
P2;11/09/2022;Alto Alegre;RR;A
P2;11/09/2022;Manaquiri;AM;A
P2;11/09/2022;São Pedro do Piauí;PI;A
P2;11/09/2022;Manaus;AM;A
P2;11/09/2022;Colatina;ES;B
P2;11/09/2022;São João da Baliza;RR;A
P2;11/09/2022;Manaus;AM;B
P2;11/09/2022;Paraíso do Tocantins;TO;B
P2;11/09/2022;Talismã;TO;A
P2;11/09/2022;Barcarena;PA;B
P2;11/09/2022;Rio de Janeiro;RJ;A
P2;11/09/2022;Rio Crespo;RO;B
P2;11/09/2022;Alvorada D'Oeste;RO;A
P2;11/09/2022;Maravilha;AL;B
P2;11/09/2022;Xapuri;AC;B
P2;11/09/2022;Alagoa Grande;PB;A
P2;11/09/2022;Araguanã;MA;A
P2;11/09/2022;Tianguá;CE;A
P2;11/09/2022;Maceió;AL;A
P2;11/09/2022;Natal;RN;B
P2;11/09/2022;Pedro Afonso;TO;A
P2;11/09/2022;Belém;PA;A
P2;11/09/2022;Igrejinha;RS;A
P2;11/09/2022;Macapá;AP;B
P2;11/09/2022;Porto Calvo;AL;B
P2;11/09/2022;Balneário Barra do Sul;SC;A
P2;11/09/2022;Cuiabá;MT;A
P2;11/09/2022;Passira;PE;A
P2;11/09/2022;Flor do Sertão;SC;A
P2;11/09/2022;Boa Vista;RR;B
P2;11/09/2022;Santa Izabel do Pará;PA;A
P2;11/09/2022;Humaitá;AM;B
P2;11/09/2022;Laranjal do Jari;AP;B
P2;11/09/2022;Campina do Monte Alegre;SP;A
P2;11/09/2022;Governador Dix-Sept Rosado;RN;A
P2;11/09/2022;Senador Guiomard;AC;B
P2;11/09/2022;São Paulo;SP;B
P2;11/09/2022;Igarapé Grande;MA;A
P2;11/09/2022;Atílio Vivácqua;ES;B
P2;11/09/2022;Rio das Ostras;RJ;A
P2;11/09/2022;São João da Baliza;RR;B
P2;11/09/2022;Laranjal do Jari;AP;A
P2;11/09/2022;Ibirama;SC;B
P2;11/09/2022;Porto Nacional;TO;B
P2;11/09/2022;Brasília;DF;A
P2;11/09/2022;Rio das Ostras;RJ;B
P2;11/09/2022;Fortaleza;CE;A
P2;11/09/2022;Flor do Sertão;SC;B
P2;11/09/2022;Campo Grande;MS;A
P2;11/09/2022;São Gonçalo;RJ;B
P2;11/09/2022;Aracaju;SE;A
P2;11/09/2022;Porto Velho;RO;A
P2;11/09/2022;Brasília;DF;A
P2;11/09/2022;Santo Inácio do Piauí;PI;A
P2;11/09/2022;Peri Mirim;MA;A
P2;11/09/2022;Macapá;AP;B
P2;11/09/2022;Boa Vista;RR;B
P2;11/09/2022;Vila Velha;ES;B
P2;11/09/2022;Prudente de Morais;MG;A
P2;11/09/2022;Tamandaré;PE;A
P2;11/09/2022;Rio do Sul;SC;B
P2;11/09/2022;Porto Walter;AC;B
P2;11/09/2022;Janaúba;MG;B
P2;11/09/2022;Igaci;AL;A
P2;11/09/2022;Itabela;BA;A
P2;11/09/2022;Natal;RN;B
P2;11/09/2022;Mata Grande;AL;A
P2;11/09/2022;Rio das Ostras;RJ;A
P2;11/09/2022;Aparecida do Rio Negro;TO;A
P2;11/09/2022;Jaguariúna;SP;B
P2;11/09/2022;Rio Branco;AC;B
P2;11/09/2022;Rosário do Catete;SE;B
P2;11/09/2022;Água Preta;PE;B
P2;11/09/2022;Buriti dos Lopes;PI;A
P2;11/09/2022;Imaculada;PB;A
P2;11/09/2022;Ponta Grossa;PR;A
P2;11/09/2022;Biguaçu;SC;A
P2;11/09/2022;Marabá;PA;B
P2;11/09/2022;São José de Ribamar;MA;B
P2;11/09/2022;Rio Largo;AL;A
P2;11/09/2022;Brasília;DF;A
P2;11/09/2022;Juiz de Fora;MG;A
P2;11/09/2022;Amarante;PI;A
P2;11/09/2022;Correia Pinto;SC;B
P2;11/09/2022;Xapuri;AC;B
P2;11/09/2022;Itaporanga d'Ajuda;SE;A
P2;11/09/2022;São João da Barra;RJ;B
P2;11/09/2022;Cláudia;MT;B
P2;11/09/2022;Brasília;DF;A
P2;11/09/2022;Viçosa;MG;A
P2;11/09/2022;Salto;SP;A
P2;11/09/2022;Belém;PA;A
P2;11/09/2022;Paes Landim;PI;A
P2;11/09/2022;Conquista D'Oeste;MT;B
P2;11/09/2022;São Miguel do Gostoso;RN;B
P2;11/09/2022;Mundo Novo;MS;B
P2;11/09/2022;Recife;PE;B
P2;11/09/2022;Cruzmaltina;PR;B
P2;11/09/2022;Capixaba;AC;B
P2;11/09/2022;Talismã;TO;A
P2;11/09/2022;Barra da Estiva;BA;A
P2;11/09/2022;Marechal Deodoro;AL;B
P2;11/09/2022;Ivaí;PR;B
P2;11/09/2022;Aracaju;SE;A
P2;11/09/2022;Trombudo Central;SC;B
P2;11/09/2022;Pejuçara;RS;B
P2;11/09/2022;Cacaulândia;RO;B
P2;11/09/2022;Cruzeta;RN;A
P2;11/09/2022;Tucumã;PA;A
P2;11/09/2022;Mossoró;RN;B
P2;11/09/2022;Terenos;MS;A
P2;11/09/2022;Santa Cruz da Esperança;SP;B
P2;11/09/2022;Santo Expedito do Sul;RS;B
P2;11/09/2022;Rio Branco;AC;B
P2;11/09/2022;Salvador;BA;A
P2;11/09/2022;Atibaia;SP;B
P2;11/09/2022;São Simão;SP;A
P2;11/09/2022;Ipojuca;PE;B
P2;11/09/2022;Alcinópolis;MS;A
P2;11/09/2022;Laranjal do Jari;AP;B
P2;11/09/2022;Porto Walter;AC;B
P2;11/09/2022;São Jerônimo;RS;A
P2;11/09/2022;São Miguel Arcanjo;SP;A
P2;11/09/2022;Magalhães Barata;PA;B
P2;11/09/2022;São Luiz;RR;A
P2;11/09/2022;Iranduba;AM;A
P2;11/09/2022;Rio de Janeiro;RJ;B
P2;11/09/2022;Pato Branco;PR;A
P2;11/09/2022;Salvador;BA;A
P2;11/09/2022;Laranjal do Jari;AP;B
P2;11/09/2022;Portão;RS;B
P2;11/09/2022;Imperatriz;MA;A
P2;11/09/2022;Itatim;BA;A
P2;11/09/2022;Paramirim;BA;B
P2;11/09/2022;Glória de Dourados;MS;B
P2;11/09/2022;Manaus;AM;A
P2;11/09/2022;Corumbá;MS;A
P2;11/09/2022;Londrina;PR;B
P2;11/09/2022;Esplanada;BA;A
P2;11/09/2022;Ribeira do Amparo;BA;A
P2;11/09/2022;Santo Antônio;RN;A
P2;11/09/2022;Castanhal;PA;A
P2;11/09/2022;Tanque do Piauí;PI;A
P2;11/09/2022;Corumbaíba;GO;B
P2;11/09/2022;Goiânia;GO;A
P2;11/09/2022;Nova Santa Rita;PI;A
P2;11/09/2022;Dourados;MS;A
P2;11/09/2022;Alto Alegre;RR;B
P2;11/09/2022;São José dos Quatro Marcos;MT;A
P2;11/09/2022;Parauapebas;PA;A
P2;11/09/2022;Porto Walter;AC;B
P2;11/09/2022;Brasília;DF;B
P2;11/09/2022;Natal;RN;A
P2;11/09/2022;Caraúbas;RN;B
P2;11/09/2022;Barbacena;MG;B
P2;11/09/2022;Natividade;TO;A
P2;11/09/2022;Lábrea;AM;B
P2;11/09/2022;Simplício Mendes;PI;A
P2;11/09/2022;Belo Horizonte;MG;B
P2;11/09/2022;Buenos Aires;PE;A
P2;11/09/2022;Biguaçu;SC;A
P2;11/09/2022;Minador do Negrão;AL;B
P2;11/09/2022;Olho d'Água do Casado;AL;A
P2;11/09/2022;Caetanos;BA;B
P2;11/09/2022;Videira;SC;A
P2;11/09/2022;Álvares Florence;SP;B
P2;11/09/2022;Mossoró;RN;A
P2;11/09/2022;Farroupilha;RS;A
P2;11/09/2022;Senador Sá;CE;A
P2;11/09/2022;Goianésia;GO;B
P2;11/09/2022;São José das Palmeiras;PR;A
P2;11/09/2022;Brasília;DF;B
P2;11/09/2022;Paraíso do Tocantins;TO;A
P2;11/09/2022;Ilha de Itamaracá;PE;A
P2;11/09/2022;São Caetano do Sul;SP;A
P2;11/09/2022;Patos;PB;A
P2;11/09/2022;Rondolândia;MT;B
P2;11/09/2022;Cajueiro da Praia;PI;A
P2;11/09/2022;Brasília;DF;A
P2;11/09/2022;Sapucaia do Sul;RS;A
P2;11/09/2022;Palmas;TO;A
P2;11/09/2022;Brasília;DF;B
P2;11/09/2022;Carneiros;AL;A
P2;11/09/2022;Pombos;PE;A
P2;11/09/2022;São Miguel Arcanjo;SP;A
P2;11/09/2022;Camacan;BA;A
P2;11/09/2022;Camapuã;MS;A
P2;11/09/2022;Brasília;DF;B
P2;11/09/2022;Ribeirópolis;SE;A
P2;11/09/2022;Senador Sá;CE;B
P2;11/09/2022;Rio de Janeiro;RJ;B
P2;11/09/2022;João Pessoa;PB;A
P2;11/09/2022;Araguaína;TO;B
P2;11/09/2022;Axixá do Tocantins;TO;A
P2;11/09/2022;Aracruz;ES;A
P2;11/09/2022;Brasília;DF;A
P2;11/09/2022;Rio de Janeiro;RJ;B
P2;11/09/2022;Nazaré do Piauí;PI;B
P2;11/09/2022;Curitiba;PR;B
P2;11/09/2022;Lagoa Vermelha;RS;B
P2;11/09/2022;Arapiraca;AL;B
P2;11/09/2022;Brasília;DF;B
P2;11/09/2022;Porto Acre;AC;B
P2;11/09/2022;Londrina;PR;B
P2;11/09/2022;Juiz de Fora;MG;B
P2;11/09/2022;Itaitinga;CE;A
P2;11/09/2022;Pacatuba;SE;A
P2;11/09/2022;Nova Friburgo;RJ;B
P2;11/09/2022;Laranja da Terra;ES;B
P2;11/09/2022;Rio das Ostras;RJ;A
P2;11/09/2022;Machadinho D'Oeste;RO;B
P2;11/09/2022;Serra;ES;A
P2;11/09/2022;Vacaria;RS;B
P2;11/09/2022;Matrinchã;GO;B
P2;11/09/2022;Jacaraú;PB;A
P2;11/09/2022;Água Azul do Norte;PA;B
P2;11/09/2022;Chapecó;SC;A
P2;11/09/2022;Bacabal;MA;A
P2;11/09/2022;Laranjal do Jari;AP;A
P2;11/09/2022;Acará;PA;B
P2;11/09/2022;Capixaba;AC;B
P2;11/09/2022;Carrasco Bonito;TO;A
P2;11/09/2022;Dourados;MS;A
P2;11/09/2022;Betim;MG;B
P2;11/09/2022;Salinas da Margarida;BA;A
P2;11/09/2022;Curralinhos;PI;A
P2;11/09/2022;Vilhena;RO;B
P2;11/09/2022;Araguatins;TO;B
P2;11/09/2022;Brasília;DF;B
P2;11/09/2022;Macapá;AP;A
P2;11/09/2022;São José da Laje;AL;B
P2;11/09/2022;Paranaíba;MS;B
P2;11/09/2022;Capixaba;AC;B
P2;11/09/2022;Bragança;PA;A
P2;11/09/2022;Brasília;DF;B
P2;11/09/2022;Toledo;PR;B
P2;11/09/2022;Cabixi;RO;B
P2;11/09/2022;Chapecó;SC;A
P2;11/09/2022;Vitória;ES;A
P2;11/09/2022;Araruna;PB;A
P2;11/09/2022;Planaltino;BA;B
P2;11/09/2022;São Fidélis;RJ;B
P2;11/09/2022;Campo Largo;PR;A
P2;11/09/2022;Recife;PE;A
P2;11/09/2022;Urbano Santos;MA;A
P2;11/09/2022;Ponte Alta;SC;B
P2;11/09/2022;Aracati;CE;A
P2;11/09/2022;São José dos Basílios;MA;A
P2;11/09/2022;Toledo;PR;B
P2;11/09/2022;Bom Jesus;RS;B
P2;11/09/2022;Brasília;DF;A
P2;11/09/2022;Filadélfia;TO;B
P2;11/09/2022;Pirapora;MG;B
P2;11/09/2022;Anápolis;GO;B
P2;11/09/2022;Itaquitinga;PE;B
P2;11/09/2022;Caçu;GO;B
P2;11/09/2022;Guarapari;ES;B
P2;11/09/2022;Carpina;PE;A
P2;11/09/2022;Pilões;PB;A
P2;11/09/2022;Capitão Poço;PA;B
P2;11/09/2022;São José do Rio Preto;SP;B
P2;11/09/2022;Itabuna;BA;A
P2;11/09/2022;Canguçu;RS;A
P2;11/09/2022;Itaú de Minas;MG;B
P2;11/09/2022;Nazarezinho;PB;A
P2;11/09/2022;Cubatão;SP;B
P2;11/09/2022;Macapá;AP;A
P2;11/09/2022;Jacaraú;PB;B
P2;11/09/2022;Coruripe;AL;B
P2;11/09/2022;Natividade;RJ;B
P2;11/09/2022;Vila Velha;ES;A
P2;11/09/2022;Porto Velho;RO;B
P2;11/09/2022;Campo Grande;MS;B
P2;11/09/2022;Itabira;MG;A
P2;11/09/2022;Guaraí;TO;B
P2;11/09/2022;Cutias;AP;B
P2;11/09/2022;Vilhena;RO;B
P2;11/09/2022;Juazeiro;BA;A
P2;11/09/2022;Aveiro;PA;A
P2;11/09/2022;Viana;ES;A
P2;11/09/2022;Aracaju;SE;B
P2;11/09/2022;Alto Alegre;RR;B
P2;11/09/2022;Juarina;TO;A
P2;11/09/2022;Campo Grande;MS;B
P2;11/09/2022;São Domingos do Capim;PA;B
P2;11/09/2022;Carneiros;AL;B
P2;11/09/2022;Rondon do Pará;PA;A
P2;11/09/2022;Terenos;MS;A
P2;11/09/2022;Poranga;CE;B
P2;11/09/2022;Brasília;DF;B
P2;11/09/2022;Rio Branco;AC;B
P2;11/09/2022;Igaci;AL;B
P2;11/09/2022;Vereda;BA;A
P2;11/09/2022;Iranduba;AM;B
P2;11/09/2022;Algodão de Jandaíra;PB;A
P2;11/09/2022;Alto Alegre;RR;B
P2;11/09/2022;Porto Velho;RO;A
P2;11/09/2022;Calçoene;AP;A
P2;11/09/2022;Santo Ângelo;RS;B
P2;11/09/2022;Jaguaribara;CE;B
P2;11/09/2022;Aquidabã;SE;A
P2;11/09/2022;Boa Vista;RR;B
P2;11/09/2022;Divinolândia de Minas;MG;B
P2;11/09/2022;Curitiba;PR;B
P2;11/09/2022;Serra do Navio;AP;B
P2;11/09/2022;Jericó;PB;A
P2;11/09/2022;Rio de Janeiro;RJ;B
P2;11/09/2022;Porto Walter;AC;B
P2;11/09/2022;Serra Nova Dourada;MT;B
P2;11/09/2022;Araguaína;TO;A
P2;11/09/2022;Borborema;SP;B
P2;11/09/2022;Mogeiro;PB;B
P2;11/09/2022;Goiânia;GO;A
P2;11/09/2022;Parnamirim;PE;B
P2;11/09/2022;Espigão D'Oeste;RO;A
P2;11/09/2022;João Pessoa;PB;A
P2;11/09/2022;Juti;MS;A
P2;11/09/2022;Alto Alegre;RR;A
P2;11/09/2022;Macapá;AP;B
P2;11/09/2022;São Gonçalo;RJ;B
P2;11/09/2022;Pedra Branca do Amapari;AP;B
P2;11/09/2022;São Gonçalo;RJ;A
P2;11/09/2022;Barra Velha;SC;B
P2;11/09/2022;São Luiz;RR;A
P2;11/09/2022;Ibatiba;ES;B
P2;11/09/2022;Rio Verde de Mato Grosso;MS;A
P2;11/09/2022;Londrina;PR;A
P2;11/09/2022;Teresina;PI;A
P2;11/09/2022;Manaquiri;AM;B
P2;11/09/2022;Nova Monte Verde;MT;B
P2;11/09/2022;Mariluz;PR;A
P2;11/09/2022;Porto Walter;AC;B
P2;11/09/2022;Itá;SC;B
P2;11/09/2022;Alto Alegre;RR;A
P2;11/09/2022;Iaras;SP;B
P2;11/09/2022;Divina Pastora;SE;A
P2;11/09/2022;São Simão;GO;B
P2;11/09/2022;Ibimirim;PE;A
P2;11/09/2022;Canavieira;PI;A
P2;11/09/2022;Quixaba;PE;A
P2;11/09/2022;Goiânia;GO;B
P2;11/09/2022;Mococa;SP;B
P2;11/09/2022;Palmeirais;PI;B
P2;11/09/2022;Rio Crespo;RO;A
P2;11/09/2022;Curitiba;PR;A
P2;11/09/2022;Canaã dos Carajás;PA;B
P2;11/09/2022;Belo Horizonte;MG;B
P2;11/09/2022;Salvador;BA;A
P2;11/09/2022;Cariacica;ES;B
P2;11/09/2022;Darcinópolis;TO;B
P2;11/09/2022;Mesquita;RJ;B
P2;11/09/2022;Alpinópolis;MG;B
P2;11/09/2022;Apucarana;PR;A
P2;11/09/2022;Ananindeua;PA;A
P2;11/09/2022;Terenos;MS;B
P2;11/09/2022;Italva;RJ;B
P2;11/09/2022;Várzea Grande;MT;B
P2;11/09/2022;Coronel Ezequiel;RN;A
P2;11/09/2022;Ribeirão Pires;SP;B
P2;11/09/2022;Manaus;AM;A
P2;11/09/2022;Tapera;RS;B
P2;11/09/2022;Oiapoque;AP;A
P2;11/09/2022;Penalva;MA;B
P2;11/09/2022;São José de Espinharas;PB;A
P2;11/09/2022;Camapuã;MS;A
P2;11/09/2022;Nova Olinda;TO;B
P2;11/09/2022;Rio Branco;AC;B
P2;11/09/2022;Manicoré;AM;B
P2;11/09/2022;Japorã;MS;B
P2;11/09/2022;Canarana;BA;A
P2;11/09/2022;Manaus;AM;A
P2;11/09/2022;Piraí do Sul;PR;B
P2;11/09/2022;São Gonçalo do Amarante;RN;B
P2;11/09/2022;Miracema do Tocantins;TO;B
P2;11/09/2022;Aparecida de Goiânia;GO;A
P2;11/09/2022;Salinas da Margarida;BA;A
P2;11/09/2022;José de Freitas;PI;A
P2;11/09/2022;Paranhos;MS;B
P2;11/09/2022;Marechal Floriano;ES;B
P2;11/09/2022;São Fidélis;RJ;A
P2;11/09/2022;Feijó;AC;B
P2;11/09/2022;Boa Vista;RR;A
P2;11/09/2022;Brasília;DF;B
P2;11/09/2022;Santana do Paraíso;MG;B
P2;11/09/2022;Capistrano;CE;A
P2;11/09/2022;Rio Preto da Eva;AM;A
P2;11/09/2022;Teresina;PI;A
P2;11/09/2022;Tupiratins;TO;A
P2;11/09/2022;Jequiá da Praia;AL;B
P2;11/09/2022;Campinápolis;MT;B
P2;11/09/2022;Satubinha;MA;B
P2;11/09/2022;Caruaru;PE;A
P2;11/09/2022;Areia Branca;RN;A
P2;11/09/2022;Cumari;GO;A
P2;11/09/2022;Ipirá;BA;A
P2;11/09/2022;Brasília;DF;B
P2;11/09/2022;Manaquiri;AM;A
P2;11/09/2022;Sigefredo Pacheco;PI;A
P2;11/09/2022;Messias;AL;A
P2;11/09/2022;Aripuanã;MT;B
P2;11/09/2022;Pirambu;SE;A
P2;11/09/2022;Pouso Alegre;MG;B
P2;11/09/2022;Passo do Sobrado;RS;A
P2;11/09/2022;Escada;PE;A
P2;11/09/2022;Glória do Goitá;PE;B
P2;11/09/2022;Jericó;PB;A
P2;11/09/2022;Salinas da Margarida;BA;A
P2;11/09/2022;Primavera;PE;B
P2;11/09/2022;Rio das Ostras;RJ;B
P2;11/09/2022;Porto Velho;RO;B
P2;11/09/2022;Inhapi;AL;B
P2;11/09/2022;Fortaleza dos Valos;RS;A
P2;11/09/2022;São Paulo;SP;B
P2;11/09/2022;Aquidabã;SE;A
P2;11/09/2022;Salinas da Margarida;BA;A
P2;11/09/2022;Sena Madureira;AC;A
P2;11/09/2022;Salvador;BA;A
P2;11/09/2022;Santa Cruz do Sul;RS;B
P2;11/09/2022;União dos Palmares;AL;A
P2;11/09/2022;Caarapó;MS;B
P2;11/09/2022;Vilhena;RO;B
P2;11/09/2022;Ribeirão Pires;SP;B
P2;11/09/2022;Santana;AP;A
P2;11/09/2022;Caxias do Sul;RS;B
P2;11/09/2022;Demerval Lobão;PI;A
P2;11/09/2022;Porto Velho;RO;B
P2;11/09/2022;São Miguel Arcanjo;SP;A
P2;11/09/2022;Paramoti;CE;B
P2;11/09/2022;São Vicente Férrer;PE;A
P2;11/09/2022;Tanque do Piauí;PI;A
P2;11/09/2022;São José do Rio Preto;SP;A
P2;11/09/2022;Pojuca;BA;A
P2;11/09/2022;Manaquiri;AM;B
P2;11/09/2022;Macapá;AP;B
P2;11/09/2022;Fortaleza dos Valos;RS;B
P2;11/09/2022;Salinas da Margarida;BA;A
P2;11/09/2022;Alto Alegre;RR;A
P2;11/09/2022;Manari;PE;A
P2;11/09/2022;Independência;CE;B
P2;11/09/2022;Guaraniaçu;PR;B
P2;11/09/2022;Euclides da Cunha Paulista;SP;B
P2;11/09/2022;Rio Branco;AC;B
P2;11/09/2022;Matões;MA;A
P2;11/09/2022;Martinópolis;SP;B
P2;11/09/2022;Ipojuca;PE;B
P2;11/09/2022;Cajueiro;AL;A
P2;11/09/2022;Silves;AM;A
P2;11/09/2022;Indiaroba;SE;A
P2;11/09/2022;Comendador Levy Gasparian;RJ;B
P2;11/09/2022;Eldorado;MS;B
P2;11/09/2022;Jericó;PB;B
P2;11/09/2022;Luzilândia;PI;A
P2;11/09/2022;Jarinu;SP;B
P2;11/09/2022;Carpina;PE;B
P2;11/09/2022;Madalena;CE;B
P2;11/09/2022;Macapá;AP;A
P2;11/09/2022;Anajás;PA;A
P2;11/09/2022;Divinópolis do Tocantins;TO;B
P2;11/09/2022;São Manoel do Paraná;PR;A
P2;11/09/2022;Passos;MG;A
P2;11/09/2022;Brasília;DF;A
P2;11/09/2022;Boa Vista;RR;A
P2;11/09/2022;Maricá;RJ;A
P2;11/09/2022;Recife;PE;A
P2;11/09/2022;Maraã;AM;A
P2;11/09/2022;Vitória do Jari;AP;B
P2;11/09/2022;Maceió;AL;B
P2;11/09/2022;Manaquiri;AM;A
P2;11/09/2022;Luís Eduardo Magalhães;BA;A
P2;11/09/2022;Castelo;ES;A
P2;11/09/2022;Macapá;AP;A
P2;11/09/2022;Manaus;AM;B
P2;11/09/2022;Campo do Tenente;PR;A
P2;11/09/2022;Olho d'Água Grande;AL;B
P2;11/09/2022;Vale do Paraíso;RO;A
P2;11/09/2022;Brasília;DF;B
P2;11/09/2022;Ipiranga de Goiás;GO;B
P2;11/09/2022;Forquilha;CE;B
P2;11/09/2022;Careiro;AM;A
P2;11/09/2022;Douradina;MS;A
P2;11/09/2022;Tomazina;PR;B
P2;11/09/2022;Barra de São Miguel;PB;A
P2;11/09/2022;Forquilha;CE;A
P2;11/09/2022;Rio de Janeiro;RJ;B
P2;11/09/2022;Parnaíba;PI;A
P2;11/09/2022;Bocaina do Sul;SC;B
P2;11/09/2022;Rurópolis;PA;B
P2;11/09/2022;Barra do Bugres;MT;B
P2;11/09/2022;Pauini;AM;A
P2;11/09/2022;Juazeiro do Norte;CE;B
P2;11/09/2022;São João da Barra;RJ;B
P2;11/09/2022;Campo Grande;MS;B
P2;11/09/2022;Benjamin Constant;AM;A
P2;11/09/2022;Sena Madureira;AC;B
P2;11/09/2022;Fortaleza;CE;A
P2;11/09/2022;Alto Alegre;RR;B
P2;11/09/2022;Goiânia;GO;A
P2;11/09/2022;Maceió;AL;A
P2;11/09/2022;Venda Nova do Imigrante;ES;B
P2;11/09/2022;Barreirinha;AM;B
P2;11/09/2022;Urutaí;GO;A
P2;11/09/2022;Serranos;MG;A
P2;11/09/2022;São Pedro da Cipa;MT;A
P2;11/09/2022;Santo Antônio de Pádua;RJ;B
P2;11/09/2022;Água Azul do Norte;PA;A
P2;11/09/2022;Brasília;DF;B
P2;11/09/2022;Jarinu;SP;B
P2;11/09/2022;Patos;PB;A
P2;11/09/2022;Camalaú;PB;A
P2;11/09/2022;Caroebe;RR;B
P2;11/09/2022;Amajari;RR;B
P2;11/09/2022;Carlinda;MT;B
P2;11/09/2022;Santa Luz;PI;A
P2;11/09/2022;Aracaju;SE;B
P2;11/09/2022;Brasília;DF;B
P2;11/09/2022;Porto Walter;AC;B
P2;11/09/2022;São Félix do Xingu;PA;B
P2;11/09/2022;Denise;MT;A
P2;11/09/2022;Cajazeiras;PB;A
P2;11/09/2022;Praia Norte;TO;A
P2;11/09/2022;Laranjal do Jari;AP;B
P2;11/09/2022;Maceió;AL;A
P2;11/09/2022;Sossêgo;PB;B
P2;11/09/2022;Cajapió;MA;A
P2;11/09/2022;União;PI;A
P2;11/09/2022;José de Freitas;PI;B
P2;11/09/2022;Areia Branca;RN;A
P2;11/09/2022;Campo do Tenente;PR;A
P2;11/09/2022;Mariluz;PR;B
P2;11/09/2022;Barcarena;PA;A
P2;11/09/2022;Olinda;PE;A
P2;11/09/2022;Santana do Ipanema;AL;A
P2;11/09/2022;Novo Itacolomi;PR;B
P2;11/09/2022;Piripiri;PI;A
P2;11/09/2022;Tabaporã;MT;B
P2;11/09/2022;Maceió;AL;B
P2;11/09/2022;São José do Calçado;ES;B
P2;11/09/2022;Itaguaí;RJ;A
P2;11/09/2022;São Paulo;SP;B
P2;11/09/2022;Camapuã;MS;B
P2;11/09/2022;Brasília;DF;A
P2;11/09/2022;Brasília;DF;A
P2;11/09/2022;Mundo Novo;MS;A
P2;11/09/2022;Araranguá;SC;B
P2;11/09/2022;Mossoró;RN;A
P2;11/09/2022;Ananindeua;PA;A
P2;11/09/2022;Lassance;MG;B
P2;11/09/2022;Laranjal do Jari;AP;A
P2;11/09/2022;Joca Claudino;PB;A
P2;11/09/2022;Rio de Janeiro;RJ;B
P2;11/09/2022;São José de Espinharas;PB;B
P2;11/09/2022;Pracuúba;AP;B
P2;11/09/2022;Macapá;AP;A
P2;11/09/2022;Berizal;MG;A
P2;11/09/2022;São José do Seridó;RN;A
P2;11/09/2022;Porto Alegre;RS;B
P2;11/09/2022;Senador Guiomard;AC;A
P2;11/09/2022;Rio Branco;AC;B
P2;11/09/2022;Nioaque;MS;B
P2;11/09/2022;Prudentópolis;PR;A
P2;11/09/2022;Boa Vista;RR;B
P2;11/09/2022;Dourados;MS;B
P2;11/09/2022;Abreu e Lima;PE;B
P2;11/09/2022;Brasília;DF;B
P2;11/09/2022;Aparecida de Goiânia;GO;B
P2;11/09/2022;Mossoró;RN;A
P2;11/09/2022;Uiramutã;RR;B
P2;11/09/2022;Estação;RS;B
P2;11/09/2022;Caxias do Sul;RS;A
P2;11/09/2022;São Leopoldo;RS;B
P2;11/09/2022;Alto Rio Novo;ES;B
P2;11/09/2022;Coronel Sapucaia;MS;B
P2;11/09/2022;Goianésia;GO;A
P2;11/09/2022;Bady Bassitt;SP;A
P2;11/09/2022;Campo Verde;MT;B
P2;11/09/2022;Campina do Monte Alegre;SP;B
P2;11/09/2022;Quixaba;PE;B
P2;11/09/2022;Manaus;AM;B
P2;11/09/2022;Antônio Olinto;PR;B
P2;11/09/2022;Teresina;PI;A
P2;11/09/2022;Lagarto;SE;A
P2;11/09/2022;Manaus;AM;B
P2;11/09/2022;Palma Sola;SC;B
P2;11/09/2022;Campo Grande;MS;A
P2;11/09/2022;Virgolândia;MG;A
P2;11/09/2022;Itapemirim;ES;B
P2;11/09/2022;João Pessoa;PB;B
P2;11/09/2022;Igrejinha;RS;A
P2;11/09/2022;Guamaré;RN;B
P2;11/09/2022;Laranjal do Jari;AP;A
P2;11/09/2022;Rondonópolis;MT;B
P2;11/09/2022;Alto Santo;CE;A
P2;11/09/2022;Porto Alegre do Tocantins;TO;A
P2;11/09/2022;Fortaleza;CE;A
P2;11/09/2022;Nilópolis;RJ;B
P2;11/09/2022;Aquidabã;SE;B
P2;11/09/2022;Quixadá;CE;B
P2;11/09/2022;João Pessoa;PB;B
P2;11/09/2022;Joaçaba;SC;B
P2;11/09/2022;Isaías Coelho;PI;A
P2;11/09/2022;Passa e Fica;RN;A
P2;11/09/2022;Manaus;AM;A
P2;11/09/2022;Pedrinhas;SE;B
P2;11/09/2022;Anápolis;GO;B
P2;11/09/2022;Porto Walter;AC;B
P2;11/09/2022;São Salvador do Tocantins;TO;B
P2;11/09/2022;Rio de Janeiro;RJ;B
P2;11/09/2022;São Miguel dos Milagres;AL;A
P2;11/09/2022;Rio de Janeiro;RJ;A
P2;11/09/2022;Boa Vista;RR;B
P2;11/09/2022;Colinas do Tocantins;TO;A
P2;11/09/2022;Cristalina;GO;B
P2;11/09/2022;Catuípe;RS;B
P2;11/09/2022;Aquidabã;SE;A
P2;11/09/2022;Porto Walter;AC;B
P2;11/09/2022;Natividade;RJ;A
P2;11/09/2022;Nova Monte Verde;MT;B
P2;11/09/2022;Manaus;AM;A
P2;11/09/2022;Alto Alegre;RR;B
P2;11/09/2022;São Leopoldo;RS;B
P2;11/09/2022;Palmas;TO;A
P2;11/09/2022;Sousa;PB;A
P2;11/09/2022;Conceição do Lago-Açu;MA;B
P2;11/09/2022;Pindaré-Mirim;MA;A
P2;11/09/2022;São Paulo;SP;B
P2;11/09/2022;Boa Vista;RR;A
P2;11/09/2022;Pimenta Bueno;RO;B
P2;11/09/2022;Dourados;MS;B
P2;11/09/2022;Nova Venécia;ES;A
P2;11/09/2022;Boa Vista;RR;A
P2;11/09/2022;Boa Vista;RR;B
P2;11/09/2022;Porto Alegre;RS;B
P2;11/09/2022;Viadutos;RS;B
P2;11/09/2022;João Pessoa;PB;A
P2;11/09/2022;Alto Longá;PI;B
P2;11/09/2022;Sussuapara;PI;A
P2;11/09/2022;Nossa Senhora de Lourdes;SE;B
P2;11/09/2022;Ponte Alta do Tocantins;TO;A
P2;11/09/2022;Belém;PA;A
P2;11/09/2022;Ananindeua;PA;A
P2;11/09/2022;Magalhães Barata;PA;B
P2;11/09/2022;Macapá;AP;B
P2;11/09/2022;São Miguel;RN;A
P2;11/09/2022;Joaçaba;SC;A
P2;11/09/2022;Monte Alegre de Minas;MG;A
P2;11/09/2022;Nova Iguaçu;RJ;B
P2;11/09/2022;Campo Grande;MS;B
P2;11/09/2022;Sidrolândia;MS;B
P2;11/09/2022;Senador Guiomard;AC;A
P2;11/09/2022;Maceió;AL;A
P2;11/09/2022;Cachoeira do Arari;PA;A
P2;11/09/2022;Bodó;RN;B
P2;11/09/2022;Belo Horizonte;MG;B
P2;11/09/2022;Flexeiras;AL;A
P2;11/09/2022;Jaboatão dos Guararapes;PE;A
P2;11/09/2022;Rio das Ostras;RJ;A
P2;11/09/2022;São Cristóvão;SE;B
P2;11/09/2022;Fortaleza;CE;A
P2;11/09/2022;Brasília;DF;B
P2;11/09/2022;Parintins;AM;A
P2;11/09/2022;Paverama;RS;A
P2;11/09/2022;Brasília;DF;B
P2;11/09/2022;Anadia;AL;A
P2;11/09/2022;Castanhal;PA;B
P2;11/09/2022;Nova Alvorada do Sul;MS;B
P2;11/09/2022;Boa Vista;RR;B
P2;11/09/2022;Rio das Ostras;RJ;B
P2;11/09/2022;Feira de Santana;BA;A
P2;11/09/2022;Presidente Kennedy;TO;B
P2;11/09/2022;Planalto;PR;B
P2;11/09/2022;Natal;RN;A
P2;11/09/2022;Cantá;RR;B
P2;11/09/2022;Rio Branco;AC;B
P2;11/09/2022;São Francisco do Guaporé;RO;A
P2;11/09/2022;Balneário Camboriú;SC;A
P2;11/09/2022;Japoatã;SE;A
P2;11/09/2022;Alta Floresta D'Oeste;RO;B
P2;11/09/2022;Foz do Iguaçu;PR;A
P2;11/09/2022;Jaboatão dos Guararapes;PE;A
P2;11/09/2022;João Pessoa;PB;A
P2;11/09/2022;Palmas;TO;A
P2;11/09/2022;Gameleira;PE;A
P2;11/09/2022;Altamira;PA;A
P2;11/09/2022;Quiterianópolis;CE;A
P2;11/09/2022;Ibirajuba;PE;B
P2;11/09/2022;Piraí do Sul;PR;B
P2;11/09/2022;Pimenta Bueno;RO;A
P2;11/09/2022;Juazeiro do Norte;CE;B
P2;11/09/2022;Alto Paraíso;RO;B
P2;11/09/2022;Coronel Sapucaia;MS;A
P2;11/09/2022;Alto Alegre;RR;A
P2;11/09/2022;Blumenau;SC;A
P2;11/09/2022;Santa Clara do Sul;RS;B
P2;11/09/2022;Brasília;DF;B
P2;11/09/2022;Sem-Peixe;MG;A
P2;11/09/2022;Forquilha;CE;A
P2;11/09/2022;Teresina;PI;A
P2;11/09/2022;Ji-Paraná;RO;A
P2;11/09/2022;Brasília;DF;A
P2;11/09/2022;Nova Mamoré;RO;B
P2;11/09/2022;Areia Branca;RN;B
P2;11/09/2022;Laranjal do Jari;AP;A
P2;11/09/2022;Ceará-Mirim;RN;B
P2;11/09/2022;São Paulo;SP;A
P2;11/09/2022;Teresina;PI;A
P2;11/09/2022;Nova União;RO;A
P2;11/09/2022;Arabutã;SC;B
P2;11/09/2022;Vitorino;PR;B
P2;11/09/2022;Nova Friburgo;RJ;B
P2;11/09/2022;Rio Branco;AC;B
P2;11/09/2022;Santa Rita do Trivelato;MT;B
P2;11/09/2022;Nossa Senhora das Dores;SE;A
P2;11/09/2022;Traipu;AL;A
P2;11/09/2022;Caracaraí;RR;B
P2;11/09/2022;Campo Grande;MS;A
P2;11/09/2022;Japoatã;SE;A
P2;11/09/2022;Mossoró;RN;B
P2;11/09/2022;Porto Walter;AC;B
P2;11/09/2022;Viamão;RS;A
P2;11/09/2022;Carutapera;MA;A
P2;11/09/2022;Campo Grande;MS;A
P2;11/09/2022;São José da Laje;AL;B
P2;11/09/2022;Birigui;SP;A
P2;11/09/2022;Rio de Janeiro;RJ;B
P2;11/09/2022;Barcarena;PA;B
P2;11/09/2022;Brasília;DF;B
P2;11/09/2022;Santa Juliana;MG;A
P2;11/09/2022;Ariquemes;RO;B
P2;11/09/2022;Bonito;PA;B
P2;11/09/2022;Laranjal do Jari;AP;B
P2;11/09/2022;Camapuã;MS;A
P2;11/09/2022;Timbó Grande;SC;B
P2;11/09/2022;Camapuã;MS;B
P2;11/09/2022;Alto Alegre;RR;A
P2;11/09/2022;Sapucaia do Sul;RS;A
P2;11/09/2022;Bela Vista de Goiás;GO;B
P2;11/09/2022;Brasília;DF;B
P2;11/09/2022;Jaboatão dos Guararapes;PE;B
P2;11/09/2022;Tartarugalzinho;AP;B
P2;11/09/2022;Guaraciaba;SC;B
P2;11/09/2022;Rio das Ostras;RJ;A
P2;11/09/2022;São Paulo;SP;A
P2;11/09/2022;Mombaça;CE;A
P2;11/09/2022;Santa Isabel do Ivaí;PR;B
P2;11/09/2022;João Pessoa;PB;B
P2;11/09/2022;Limoeiro de Anadia;AL;A
P2;11/09/2022;Pedro Avelino;RN;A
P2;11/09/2022;Bocaina;PI;B
P2;11/09/2022;Rio das Ostras;RJ;A
P2;11/09/2022;Vila Velha;ES;B
P2;11/09/2022;Porto Walter;AC;A
P2;11/09/2022;São José do Sabugi;PB;A
P2;11/09/2022;Campo Grande;MS;A
P2;11/09/2022;Goianorte;TO;A
P2;11/09/2022;Paragominas;PA;A
P2;11/09/2022;Imperatriz;MA;A
P2;11/09/2022;Macapá;AP;A
P2;11/09/2022;Dianópolis;TO;A
P2;11/09/2022;Campo do Brito;SE;A
P2;11/09/2022;Mossoró;RN;A
P2;11/09/2022;Campo Grande;MS;B
P2;11/09/2022;Boa Vista;RR;B
P2;11/09/2022;Cruzeiro do Sul;AC;B
P2;11/09/2022;Biguaçu;SC;A
P2;11/09/2022;Brasília;DF;B
P2;11/09/2022;Satuba;AL;B
P2;11/09/2022;Lagoa Vermelha;RS;B
P2;11/09/2022;Rio Branco;AC;A
P2;11/09/2022;Cutias;AP;A
P2;11/09/2022;Valparaíso de Goiás;GO;B
P2;11/09/2022;São Geraldo do Araguaia;PA;B
P2;11/09/2022;Novo Airão;AM;A
P2;11/09/2022;Indiaroba;SE;A
P2;11/09/2022;Itabaiana;PB;A
P2;11/09/2022;Canitar;SP;A
P2;11/09/2022;Porto Walter;AC;B
P2;11/09/2022;Capixaba;AC;A
P2;11/09/2022;São Miguel do Fidalgo;PI;A
P2;11/09/2022;Ribas do Rio Pardo;MS;A
P2;11/09/2022;Nova Marilândia;MT;A
P2;11/09/2022;Bom Jesus;RN;A
P2;11/09/2022;Umuarama;PR;B
P2;11/09/2022;Salto;SP;A
P2;11/09/2022;Maceió;AL;A
P2;11/09/2022;Goiânia;GO;B
P2;11/09/2022;Barras;PI;A
P2;11/09/2022;Belém;PA;A
P2;11/09/2022;Atalaia;AL;A
P2;11/09/2022;Consolação;MG;B
P2;11/09/2022;Planalto da Serra;MT;B
P2;11/09/2022;Camaçari;BA;B
P2;11/09/2022;Lagarto;SE;A
P2;11/09/2022;Carpina;PE;A
P2;11/09/2022;Santana;AP;A
P2;11/09/2022;Rio Negro;MS;A
P2;11/09/2022;Ibatiba;ES;B
P2;11/09/2022;Alexânia;GO;B
P2;11/09/2022;Erebango;RS;B
P2;11/09/2022;Alta Floresta;MT;A
P2;11/09/2022;Ananindeua;PA;B
P2;11/09/2022;Nova Nazaré;MT;A
P2;11/09/2022;Jacaré dos Homens;AL;A
P2;11/09/2022;Manaus;AM;A
P2;11/09/2022;Camapuã;MS;B
P2;11/09/2022;Amorinópolis;GO;A
P2;11/09/2022;Camboriú;SC;B
P2;11/09/2022;Campo Alegre do Fidalgo;PI;A
P2;11/09/2022;Boa Vista;RR;B
P2;11/09/2022;Matões do Norte;MA;A
P2;11/09/2022;Foz do Iguaçu;PR;A
P2;11/09/2022;Coxim;MS;B
P2;11/09/2022;Jaguaré;ES;B
P2;11/09/2022;Aracaju;SE;A
P2;11/09/2022;Forquilhinha;SC;B
P2;11/09/2022;Anadia;AL;B
P2;11/09/2022;Anápolis;GO;B
P2;11/09/2022;Belém;PA;B
P2;11/09/2022;São Paulo;SP;B
P2;11/09/2022;Ubá;MG;A
P2;11/09/2022;Mauá da Serra;PR;B
P2;11/09/2022;Santa Cruz dos Milagres;PI;B
P2;11/09/2022;Macapá;AP;A
P2;11/09/2022;Mineiros;GO;B
P2;11/09/2022;Vila Velha;ES;B
P2;11/09/2022;Normandia;RR;B
P2;11/09/2022;Brasília;DF;A
P2;11/09/2022;Conselheiro Lafaiete;MG;B
P2;11/09/2022;Goianésia;GO;A
P2;11/09/2022;Mossoró;RN;A
P2;11/09/2022;Flor do Sertão;SC;B
P2;11/09/2022;Caapiranga;AM;B
P2;11/09/2022;Malhador;SE;A
P2;11/09/2022;Siriri;SE;B
P2;11/09/2022;Sidrolândia;MS;B
P2;11/09/2022;Moraújo;CE;A
P2;11/09/2022;São Mateus;ES;B
P2;11/09/2022;Parauapebas;PA;A
P2;11/09/2022;Santana;AP;A
P2;11/09/2022;Francisco Ayres;PI;A
P2;11/09/2022;Mucambo;CE;B
P2;11/09/2022;Valença do Piauí;PI;A
P2;11/09/2022;Cuiabá;MT;B
P2;11/09/2022;Cachoeiro de Itapemirim;ES;B
P2;11/09/2022;Belém;AL;B
P2;11/09/2022;Inhambupe;BA;B
P2;11/09/2022;Florianópolis;SC;A
P2;11/09/2022;Taipu;RN;A
P2;11/09/2022;São Roque do Canaã;ES;A
P2;11/09/2022;Itaguaí;RJ;A
P2;11/09/2022;Nova Friburgo;RJ;A
P2;11/09/2022;Rio de Janeiro;RJ;A
P2;11/09/2022;São José dos Basílios;MA;A
P2;11/09/2022;Tatuí;SP;B
P2;11/09/2022;Vitória;ES;A
P2;11/09/2022;Tanque do Piauí;PI;A
P2;11/09/2022;Coruripe;AL;A
P2;11/09/2022;Macapá;AP;A
P2;11/09/2022;Colorado do Oeste;RO;B
P2;11/09/2022;Jaboatão dos Guararapes;PE;B
P2;11/09/2022;Jaguaribe;CE;B
P2;11/09/2022;Porto Walter;AC;B
P2;11/09/2022;São Paulo;SP;A
P2;11/09/2022;Feijó;AC;A
P2;11/09/2022;Rio dos Bois;TO;A
P2;11/09/2022;Paudalho;PE;B
P2;11/09/2022;Sossêgo;PB;A
P2;11/09/2022;Apucarana;PR;B
P2;11/09/2022;Nossa Senhora do Socorro;SE;A
P2;11/09/2022;Jaboatão dos Guararapes;PE;A
P2;11/09/2022;Iúna;ES;A
P2;11/09/2022;Salinas da Margarida;BA;A
P2;11/09/2022;Quixaba;PE;A
P2;11/09/2022;Limoeiro de Anadia;AL;A
P2;11/09/2022;Rio de Janeiro;RJ;A
P2;11/09/2022;Regeneração;PI;B
P2;11/09/2022;Santo Antônio de Pádua;RJ;A
P2;11/09/2022;Viçosa;AL;B
P2;11/09/2022;Brasília;DF;B
P2;11/09/2022;Indaial;SC;A
P2;11/09/2022;São João de Meriti;RJ;A
P2;11/09/2022;Rio Branco;AC;A
P2;11/09/2022;Campo Grande;MS;A
P2;11/09/2022;Cruzmaltina;PR;B
P2;11/09/2022;Porto Walter;AC;B
P2;11/09/2022;Mossoró;RN;A
P2;11/09/2022;Manaus;AM;B
P2;11/09/2022;Cedro do Abaeté;MG;B
P2;11/09/2022;São José dos Ausentes;RS;B
P2;11/09/2022;Aracruz;ES;B
P2;11/09/2022;Brasília;DF;B
P2;11/09/2022;Rondon do Pará;PA;B
P2;11/09/2022;Jericó;PB;A
P2;11/09/2022;Grossos;RN;B
P2;11/09/2022;Cruzmaltina;PR;B
P2;11/09/2022;Laranjal do Jari;AP;A
P2;11/09/2022;Nova Olinda;CE;A
P2;11/09/2022;Pimenta Bueno;RO;A
P2;11/09/2022;Teresina;PI;A
P2;11/09/2022;Manaquiri;AM;A
P2;11/09/2022;Itaberaí;GO;B
P2;11/09/2022;Recife;PE;B
P2;11/09/2022;Camapuã;MS;A
P2;11/09/2022;Pejuçara;RS;A
P2;11/09/2022;Deodápolis;MS;A
P2;11/09/2022;Pracuúba;AP;B
P2;11/09/2022;Jericó;PB;B
P2;11/09/2022;Aquidabã;SE;B
P2;11/09/2022;Barcarena;PA;A
P2;11/09/2022;São Sebastião do Alto;RJ;B
P2;11/09/2022;Três Lagoas;MS;A
P2;11/09/2022;Lobato;PR;B
P2;11/09/2022;Arapiraca;AL;B
P2;11/09/2022;Alto Alegre;RR;A
P2;11/09/2022;Aquidabã;SE;A
P2;11/09/2022;Vilhena;RO;B
P2;11/09/2022;Guarapari;ES;A
P2;11/09/2022;Coxim;MS;B
P2;11/09/2022;Nova Monte Verde;MT;A
P2;11/09/2022;Belém do Brejo do Cruz;PB;A
P2;11/09/2022;Monte Belo do Sul;RS;B
P2;11/09/2022;Presidente Epitácio;SP;B
P2;11/09/2022;Pimenta Bueno;RO;A
P2;11/09/2022;Codó;MA;A
P2;11/09/2022;Novo Aripuanã;AM;B
P2;11/09/2022;São João do Rio do Peixe;PB;A
P2;11/09/2022;Cláudia;MT;B
P2;11/09/2022;Natal;RN;A
P2;11/09/2022;São Félix do Tocantins;TO;B
P2;11/09/2022;Araçariguama;SP;B
P2;11/09/2022;Novo Jardim;TO;B
P2;11/09/2022;Nossa Senhora dos Remédios;PI;A
P2;11/09/2022;Cotriguaçu;MT;B
P2;11/09/2022;Blumenau;SC;B
P2;11/09/2022;Rio Branco;AC;B
P2;11/09/2022;Maués;AM;A
P2;11/09/2022;Brasília;DF;A
P2;11/09/2022;Alpercata;MG;A
P2;11/09/2022;Paraú;RN;A
P2;11/09/2022;Fortaleza;CE;A
P2;11/09/2022;São João do Piauí;PI;B
P2;11/09/2022;Porto Alegre;RS;A
P2;11/09/2022;Castelo;ES;B
P2;11/09/2022;Amapá;AP;B
P2;11/09/2022;São Miguel do Tapuio;PI;B
P2;11/09/2022;Manaus;AM;A
P2;11/09/2022;Cachoeiro de Itapemirim;ES;A
P2;11/09/2022;Pracuúba;AP;B
P2;11/09/2022;Campo Grande;MS;B
P2;11/09/2022;Macapá;AP;A
P2;11/09/2022;Cariacica;ES;B
P2;11/09/2022;Araçagi;PB;B
P2;11/09/2022;Parnaguá;PI;B
P2;11/09/2022;Boa Vista;RR;B
P2;11/09/2022;Manaus;AM;A
P2;11/09/2022;Delmiro Gouveia;AL;A
P2;11/09/2022;Boa Vista;RR;A
P2;11/09/2022;Matriz de Camaragibe;AL;A
P2;11/09/2022;Santana;AP;B
P2;11/09/2022;América Dourada;BA;A
P2;11/09/2022;Barra do Piraí;RJ;A
P2;11/09/2022;Tucano;BA;A
P2;11/09/2022;Parnaíba;PI;A
P2;11/09/2022;Campinas;SP;A
P2;11/09/2022;Sentinela do Sul;RS;B
P2;11/09/2022;Maceió;AL;A
P2;11/09/2022;Palhoça;SC;B
P2;11/09/2022;Caxingó;PI;A
P2;11/09/2022;Jaguapitã;PR;A
P2;11/09/2022;Valença;BA;A
P2;11/09/2022;Terenos;MS;B
P2;11/09/2022;Cachoeiro de Itapemirim;ES;B
P2;11/09/2022;Tanque do Piauí;PI;A
P2;11/09/2022;São Luiz;RR;A
P2;11/09/2022;Alto Alegre;RR;B
P2;11/09/2022;São Romão;MG;A
P2;11/09/2022;Porto Walter;AC;B
P2;11/09/2022;Bom Jesus do Tocantins;TO;A
P2;11/09/2022;Lapão;BA;B
P2;11/09/2022;Brasília;DF;B
P2;11/09/2022;Laranjal do Jari;AP;B
P2;11/09/2022;Jequié;BA;A
P2;11/09/2022;Sena Madureira;AC;B
P2;11/09/2022;Maués;AM;B
P2;11/09/2022;Barra de São Francisco;ES;B
P2;11/09/2022;São José de Ribamar;MA;A
P2;11/09/2022;Ji-Paraná;RO;B
P2;11/09/2022;Junco do Maranhão;MA;B
P2;11/09/2022;Ituporanga;SC;B
P2;11/09/2022;Duas Barras;RJ;A
P2;11/09/2022;Matias Olímpio;PI;B
P2;11/09/2022;Porto Belo;SC;A
P2;11/09/2022;Boa Vista;RR;B
P2;11/09/2022;Nilópolis;RJ;A
P2;11/09/2022;Brasília;DF;B
P2;11/09/2022;Guajará-Mirim;RO;B
P2;11/09/2022;Juína;MT;A
P2;11/09/2022;Anicuns;GO;A
P2;11/09/2022;Ituiutaba;MG;A
P2;11/09/2022;Dias d'Ávila;BA;A
P2;11/09/2022;Trairi;CE;A
P2;11/09/2022;Manaquiri;AM;A
P2;11/09/2022;Angélica;MS;B
P2;11/09/2022;Manaquiri;AM;B
P2;11/09/2022;Brasília;DF;B
P2;11/09/2022;Navegantes;SC;B
P2;11/09/2022;Belém;PA;A
P2;11/09/2022;Palmeira dos Índios;AL;A
P2;11/09/2022;Manaus;AM;A
P2;11/09/2022;Terenos;MS;B
P2;11/09/2022;Brasília;DF;B
P2;11/09/2022;Santa Inês;MA;A
P2;11/09/2022;Vila Velha;ES;B
P2;11/09/2022;Santa Clara do Sul;RS;A
P2;11/09/2022;Lucas do Rio Verde;MT;B
P2;11/09/2022;Tapauá;AM;B
P2;11/09/2022;Araguacema;TO;A
P2;11/09/2022;Guarulhos;SP;B
P2;11/09/2022;Graça Aranha;MA;B
P2;11/09/2022;Anápolis;GO;B
P2;11/09/2022;Anahy;PR;A
P2;11/09/2022;Flor do Sertão;SC;A
P2;11/09/2022;Pacaraima;RR;A
P2;11/09/2022;Quirinópolis;GO;A
P2;11/09/2022;Alto Alegre;RR;A
P2;11/09/2022;Natal;RN;A
P2;11/09/2022;Jaboatão dos Guararapes;PE;A
P2;11/09/2022;Colômbia;SP;B
P2;11/09/2022;Itapecuru Mirim;MA;A
P2;11/09/2022;São José do Egito;PE;B
P2;11/09/2022;Ilha das Flores;SE;A
P2;11/09/2022;Rio Branco;AC;A
P2;11/09/2022;Guaçuí;ES;B
P2;11/09/2022;Limoeiro de Anadia;AL;B
P2;11/09/2022;Triunfo;PB;A
P2;11/09/2022;Cachoeira do Sul;RS;B
P2;11/09/2022;Cambará;PR;B
P2;11/09/2022;Pindoba;AL;B
P2;11/09/2022;Matriz de Camaragibe;AL;B
P2;11/09/2022;Congonhas do Norte;MG;B
P2;11/09/2022;Monte das Gameleiras;RN;A
P2;11/09/2022;Portel;PA;A
P2;11/09/2022;Piraquara;PR;B
P2;11/09/2022;São Miguel Arcanjo;SP;B
P2;11/09/2022;Areia Branca;SE;B
P2;11/09/2022;Cruz Alta;RS;A
P2;11/09/2022;Cachoeiro de Itapemirim;ES;A
P2;11/09/2022;Aracaju;SE;A
P2;11/09/2022;Cascavel;PR;A
P2;11/09/2022;Francisco Dumont;MG;A
P2;11/09/2022;Campina Grande;PB;A
P2;11/09/2022;Aquidauana;MS;B
P2;11/09/2022;Belford Roxo;RJ;B
P2;11/09/2022;Coronel José Dias;PI;A
P2;11/09/2022;Brasília;DF;B
P2;11/09/2022;Manacapuru;AM;A
P2;11/09/2022;Timon;MA;A
P2;11/09/2022;Santo Amaro das Brotas;SE;A
P2;11/09/2022;Macau;RN;A
P2;11/09/2022;Passagem;PB;A
P2;11/09/2022;Maravilha;SC;B
P2;11/09/2022;Mâncio Lima;AC;B
P2;11/09/2022;São Lourenço do Sul;RS;B
P2;11/09/2022;Manaquiri;AM;A
P2;11/09/2022;Mossoró;RN;A
P2;11/09/2022;Campo Grande;MS;B
P2;11/09/2022;São Bento do Sul;SC;B
P2;11/09/2022;Castanheiras;RO;B
P2;11/09/2022;Itiúba;BA;A
P2;11/09/2022;Monte das Gameleiras;RN;B
P2;11/09/2022;Douradina;MS;A
P2;11/09/2022;Caxias do Sul;RS;B
P2;11/09/2022;Ibiraci;MG;A
P2;11/09/2022;Belém;PA;A
P2;11/09/2022;Porto Velho;RO;B
P2;11/09/2022;Angico;TO;B
P2;11/09/2022;Antônio Martins;RN;B
P2;11/09/2022;Porto Velho;RO;B
P2;11/09/2022;Alto Alegre;RR;B
P2;11/09/2022;Recife;PE;B
P2;11/09/2022;Santana;AP;B
P2;11/09/2022;Anajás;PA;B
P2;11/09/2022;Igarapé Grande;MA;A
P2;11/09/2022;Belterra;PA;B
P2;11/09/2022;Palmeirópolis;TO;A
P2;11/09/2022;Capitão;RS;B
P2;11/09/2022;São Bentinho;PB;A
P2;11/09/2022;Curitiba;PR;A
P2;11/09/2022;Florianópolis;SC;B
P2;11/09/2022;Tutóia;MA;B
P2;11/09/2022;Arroio dos Ratos;RS;B
P2;11/09/2022;Machadinho D'Oeste;RO;A
P2;11/09/2022;Criciúma;SC;B
P2;11/09/2022;Manaus;AM;A
P2;11/09/2022;Vila Valério;ES;A
P2;11/09/2022;Conceição do Tocantins;TO;B
P2;11/09/2022;Poço Branco;RN;B
P2;11/09/2022;Flor do Sertão;SC;B
P2;11/09/2022;Palmas;TO;A
P2;11/09/2022;Araguaína;TO;B
P2;11/09/2022;Natal;RN;A
P2;11/09/2022;Craíbas;AL;A
P2;11/09/2022;Igaci;AL;A
P2;11/09/2022;Rio de Janeiro;RJ;B
P2;11/09/2022;Aquidabã;SE;A
P2;11/09/2022;Socorro;SP;B
P2;11/09/2022;Quixaba;PE;A
P2;11/09/2022;Apodi;RN;B
P2;11/09/2022;Rio Verde;GO;A
P2;11/09/2022;Casinhas;PE;A
P2;11/09/2022;Laranjal do Jari;AP;A
P2;11/09/2022;Pracuúba;AP;A
P2;11/09/2022;Limoeiro de Anadia;AL;A
P2;11/09/2022;Porto Walter;AC;B
P2;11/09/2022;Paranaguá;PR;B
P2;11/09/2022;Santana do Araguaia;PA;B
P2;11/09/2022;Tarauacá;AC;B
P2;11/09/2022;Rio Grande;RS;A
P2;11/09/2022;Primavera do Leste;MT;A
P2;11/09/2022;Olho d'Água das Flores;AL;A
P2;11/09/2022;Brasília;DF;B
P2;11/09/2022;Apiacá;ES;B
P2;11/09/2022;Itaberaí;GO;B
P2;11/09/2022;Itapecuru Mirim;MA;B
P2;11/09/2022;Cabaceiras;PB;A
P2;11/09/2022;Fernão;SP;B
P2;11/09/2022;Santa Izabel do Pará;PA;B
P2;11/09/2022;Alto Alegre;RR;B
P2;11/09/2022;Japoatã;SE;A
P2;11/09/2022;Satuba;AL;A
P2;11/09/2022;Vila Velha;ES;A
P2;11/09/2022;Penedo;AL;A
P2;11/09/2022;Matupá;MT;B
P2;11/09/2022;Santa Inês;MA;A
P2;11/09/2022;Cotriguaçu;MT;B
P2;11/09/2022;Forquilha;CE;A
P2;11/09/2022;Santo Antônio do Tauá;PA;B
P2;11/09/2022;Itaquitinga;PE;A
P2;11/09/2022;Barreiras;BA;A
P2;11/09/2022;Valente;BA;A
P2;11/09/2022;Aquidabã;SE;A
P2;11/09/2022;Rio Branco;AC;B
P2;11/09/2022;Jericó;PB;A
P2;11/09/2022;Jutaí;AM;A
P2;11/09/2022;Miraíma;CE;B
P2;11/09/2022;Rorainópolis;RR;B
P2;11/09/2022;Senador Guiomard;AC;B
P2;11/09/2022;Jardim;CE;B
P2;11/09/2022;Rio de Janeiro;RJ;B
P2;11/09/2022;Goianésia;GO;B
P2;11/09/2022;Boa Vista do Cadeado;RS;A
P2;11/09/2022;Álvares Florence;SP;A
P2;11/09/2022;Alto Alegre do Maranhão;MA;A
P2;11/09/2022;Itapajé;CE;A
P2;11/09/2022;Mortugaba;BA;A
P2;11/09/2022;Filadélfia;TO;A
P2;11/09/2022;Pedrinhas;SE;A
P2;11/09/2022;Natal;RN;A
P2;11/09/2022;Limoeiro de Anadia;AL;A
P2;11/09/2022;Rio de Janeiro;RJ;B
P2;11/09/2022;Quixaba;PE;A
P2;11/09/2022;Vila Bela da Santíssima Trindade;MT;B
P2;11/09/2022;Vicência;PE;A
P2;11/09/2022;Ananindeua;PA;B
P2;11/09/2022;Maceió;AL;A
P2;11/09/2022;São Miguel de Taipu;PB;A
P2;11/09/2022;São José de Mipibu;RN;A
P2;11/09/2022;Traipu;AL;B
P2;11/09/2022;Balneário Arroio do Silva;SC;A
P2;11/09/2022;Nova Mutum;MT;A
P2;11/09/2022;Ribeirão Preto;SP;A
P2;11/09/2022;Guaraí;TO;B
P2;11/09/2022;São Valério;TO;A
P2;11/09/2022;Pedra;PE;A
P2;11/09/2022;Brasília;DF;A
P2;11/09/2022;Estiva Gerbi;SP;B
P2;11/09/2022;Vitória do Jari;AP;B
P2;11/09/2022;Ituaçu;BA;A
P2;11/09/2022;Porto Velho;RO;B
P2;11/09/2022;Manaquiri;AM;B
P2;11/09/2022;Guimarães;MA;B
P2;11/09/2022;São Vicente do Sul;RS;B
P2;11/09/2022;Limeira;SP;A
P2;11/09/2022;Porto Nacional;TO;B
P2;11/09/2022;Coqueiro Seco;AL;A
P2;11/09/2022;Pacaraima;RR;A
P2;11/09/2022;Vila Velha;ES;A
P2;11/09/2022;Maceió;AL;A
P2;11/09/2022;Sapucaia do Sul;RS;B
P2;11/09/2022;Amorinópolis;GO;B
P2;11/09/2022;João Pessoa;PB;B
P2;11/09/2022;Erebango;RS;A
P2;11/09/2022;Caxias do Sul;RS;B
P2;11/09/2022;Senador Guiomard;AC;B
P2;11/09/2022;Cariacica;ES;A
P2;11/09/2022;Piracuruca;PI;A
P2;11/09/2022;Alto Alegre;RR;B
P2;11/09/2022;Camapuã;MS;A
P2;11/09/2022;Santa Inês;MA;A
P2;11/09/2022;Limoeiro de Anadia;AL;B
P2;11/09/2022;Nova Serrana;MG;B
P2;11/09/2022;Brasília;DF;B
P2;11/09/2022;Várzea Grande;MT;A
P2;11/09/2022;Dois Vizinhos;PR;A
P2;11/09/2022;Vila Velha;ES;B
P2;11/09/2022;São João do Itaperiú;SC;B
P2;11/09/2022;Laranjal do Jari;AP;A
P2;11/09/2022;Pedrinópolis;MG;A
P2;11/09/2022;Pacatuba;CE;A
P2;11/09/2022;Lobato;PR;A
P2;11/09/2022;Marabá;PA;B
P2;11/09/2022;Belém;PA;A
P2;11/09/2022;Novo Repartimento;PA;A
P2;11/09/2022;Goianésia do Pará;PA;B
P2;11/09/2022;Laranjal do Jari;AP;A
P2;11/09/2022;Rio das Ostras;RJ;A
P2;11/09/2022;Alto Alegre;RR;B
P2;11/09/2022;Laranja da Terra;ES;B
P2;11/09/2022;Camalaú;PB;B
P2;11/09/2022;Simões;PI;A
P2;11/09/2022;Ceará-Mirim;RN;A
P2;11/09/2022;Brasília;DF;A
P2;11/09/2022;Jaboatão dos Guararapes;PE;A
P2;11/09/2022;Boa Vista;RR;B
P2;11/09/2022;Porto Walter;AC;B
P2;11/09/2022;Regeneração;PI;A
P2;11/09/2022;Granito;PE;A
P2;11/09/2022;Nova Maringá;MT;B
P2;11/09/2022;Bom Jesus do Oeste;SC;B
P2;11/09/2022;Brasília;DF;A
P2;11/09/2022;São José de Mipibu;RN;A
P2;11/09/2022;Praia Grande;SP;A
P2;11/09/2022;Boa Vista;RR;B
P2;11/09/2022;Aracaju;SE;A
P2;11/09/2022;Campinápolis;MT;B
P2;11/09/2022;Belmiro Braga;MG;B
P2;11/09/2022;Pontalina;GO;B
P2;11/09/2022;Vila Velha;ES;B
P2;11/09/2022;Mossoró;RN;A
P2;11/09/2022;Barra de São Miguel;PB;A
P2;11/09/2022;Inhuma;PI;A
P2;11/09/2022;Jarinu;SP;B
P2;11/09/2022;Porto Walter;AC;B
P2;11/09/2022;São Miguel Arcanjo;SP;A
P2;11/09/2022;Palmeirândia;MA;B
P2;11/09/2022;Paraíso do Tocantins;TO;A
P2;11/09/2022;Cacimbinhas;AL;A
P2;11/09/2022;Lambari D'Oeste;MT;B
P2;11/09/2022;Anápolis;GO;B
P2;11/09/2022;Juína;MT;B
P2;11/09/2022;Maués;AM;A
P2;11/09/2022;Vale de São Domingos;MT;A
P2;11/09/2022;Rio Quente;GO;A
P2;11/09/2022;Turvolândia;MG;B
P2;11/09/2022;Jaguaribe;CE;A
P2;11/09/2022;Cuiabá;MT;B
P2;11/09/2022;Rio das Ostras;RJ;B
P2;11/09/2022;Manaus;AM;B
P2;11/09/2022;Macapá;AP;B
P2;11/09/2022;Santo Amaro da Imperatriz;SC;B
P2;11/09/2022;Rorainópolis;RR;B
P2;11/09/2022;Isaías Coelho;PI;A
P2;11/09/2022;Laranjal do Jari;AP;A
P2;11/09/2022;Jericó;PB;B
P2;11/09/2022;Colinas do Tocantins;TO;A
P2;11/09/2022;Colatina;ES;B
P2;11/09/2022;Acarape;CE;A
P2;11/09/2022;Witmarsum;SC;B
P2;11/09/2022;São Pedro do Piauí;PI;A
P2;11/09/2022;Wanderlândia;TO;B
P2;11/09/2022;Natal;RN;B
P2;11/09/2022;Jericó;PB;B
P2;11/09/2022;Porto da Folha;SE;A
P2;11/09/2022;Manaus;AM;B
P2;11/09/2022;Salinas da Margarida;BA;A
P2;11/09/2022;Macapá;AP;A
P2;11/09/2022;Belmiro Braga;MG;A
P2;11/09/2022;Salvador;BA;B
P2;11/09/2022;Recife;PE;B
P2;11/09/2022;Vila Valério;ES;B
P2;11/09/2022;Boa Vista;RR;B
P2;11/09/2022;Santa Luzia D'Oeste;RO;B
P2;11/09/2022;Cuiabá;MT;B
P2;11/09/2022;Calçoene;AP;B
P2;11/09/2022;Osasco;SP;B
P2;11/09/2022;Uruçuca;BA;A
P2;11/09/2022;Vargem Grande Paulista;SP;B
P2;11/09/2022;Juazeiro do Norte;CE;A
P2;11/09/2022;Tigrinhos;SC;A
P2;11/09/2022;Bocaina;PI;B
P2;11/09/2022;Pirapora;MG;B
P2;11/09/2022;Manaus;AM;A
P2;11/09/2022;Minaçu;GO;A
P2;11/09/2022;Salvador;BA;B
P2;11/09/2022;Macapá;AP;B
P2;11/09/2022;Acauã;PI;A
P2;11/09/2022;Acari;RN;A
P2;11/09/2022;Niquelândia;GO;B
P2;11/09/2022;São Lourenço da Mata;PE;A
P2;11/09/2022;Couto Magalhães;TO;B
P2;11/09/2022;Alto Alegre;RR;A
P2;11/09/2022;Aurora do Tocantins;TO;A
P2;11/09/2022;Barra Mansa;RJ;B
P2;11/09/2022;Camapuã;MS;B
P2;11/09/2022;Porto Alegre;RS;A
P2;11/09/2022;Manaquiri;AM;A
P2;11/09/2022;Teresina;PI;A
P2;11/09/2022;João Pessoa;PB;A
P2;11/09/2022;Guaçuí;ES;B
P2;11/09/2022;Santa Teresinha;PB;A
P2;11/09/2022;Anamã;AM;A
P2;11/09/2022;Petrolândia;PE;B
P2;11/09/2022;Ponto Novo;BA;B
P2;11/09/2022;Santa Inês;MA;A
P2;11/09/2022;Limoeiro do Norte;CE;A
P2;11/09/2022;Nova Russas;CE;A
P2;11/09/2022;Piripiri;PI;B
P2;11/09/2022;Itatiaiuçu;MG;A
P2;11/09/2022;Salinas da Margarida;BA;B
P2;11/09/2022;Alta Floresta D'Oeste;RO;B
P2;11/09/2022;Forquilha;CE;A
P2;11/09/2022;Ipubi;PE;A
P2;11/09/2022;Castilho;SP;A
P2;11/09/2022;Anitápolis;SC;B
P2;11/09/2022;Rio das Ostras;RJ;B
P2;11/09/2022;Jauru;MT;B
P2;11/09/2022;Camapuã;MS;A
P2;11/09/2022;Picos;PI;A
P2;11/09/2022;Paranaíta;MT;A
P2;11/09/2022;João Pessoa;PB;A
P2;11/09/2022;Coruripe;AL;B
P2;11/09/2022;Brasília;DF;B
P2;11/09/2022;Vitorino Freire;MA;B
P2;11/09/2022;Vila Velha;ES;B
P2;11/09/2022;Dianópolis;TO;B
P2;11/09/2022;Brasília;DF;B
P2;11/09/2022;Uruará;PA;A
